CONJ	84575
ADV	54898
ADP;ESS	43428
NUM	29858
ADP;GEN	25439
ADP;ACC	24313
N;GEN;FEM;SG;POS	23165
MASC;N;GEN;INAN;SG;POS	19186
NOM;N;FEM;SG;POS	19100
ANIM;NOM;MASC;PROPN;SG;POS	17526
POS;ADV	17237
REFL;ACC;PRO	16766
ACC;N;FEM;SG;POS	16495
NOM;MASC;N;INAN;SG;POS	15066
ACC;MASC;N;INAN;SG;POS	13967
IPFV;3;ACT;FIN;IND;V;PRS;SG;POS	13613
PL;N;GEN;FEM;POS	13209
ADP;INS	12729
ESS;ADP	12412
ESS;N;FEM;SG;POS	11426
N;NEUT;GEN;SG;POS	11222
PL;MASC;N;GEN;INAN;POS	10615
ESS;MASC;N;INAN;SG;POS	10611
ADJ;GEN;FEM;SG;POS	10591
ACT;3;FIN;IND;V;PRS;SG;POS	10022
ADJ;NOM;FEM;SG;POS	9338
ANIM;NOM;MASC;N;SG;POS	9009
V;3;ACT;FIN;IND;PRS;SG;POS	8493
ACC;N;NEUT;SG;POS	8369
PART	8165
NOM;N;NEUT;SG;POS	7599
ADP;DAT	7311
ACT;MASC;PFV;V;V.PTCP;PST;SG;POS	7173
ADJ;MASC;GEN;INAN;SG;POS	7050
GEN;ADP	6993
ACC;ADP	6764
PFV;NFIN;V;POS	6570
INS;N;FEM;SG;POS	6501
IPFV;NFIN;V;POS	6457
ADJ;NOM;MASC;INAN;SG;POS	6446
ESS;N;NEUT;SG;POS	6426
ANIM;PL;MASC;N;GEN;POS	6199
INS;MASC;N;INAN;SG;POS	6156
FEM;PROPN;POS	6078
PL;NOM;N;FEM;POS	6076
ACT;MASC;V;V.PTCP;PST;SG;POS	6034
ACC;ADJ;FEM;SG;POS	5994
NOM;FEM;PROPN;SG;POS	5953
PL;ACC;N;FEM;POS	5882
ANIM;PL;NOM;MASC;N;POS	5659
NFIN;V;POS	5616
PL;ADJ;GEN;FEM;POS	5386
PL;ACC;MASC;N;INAN;POS	5320
IPFV;3;ACT;PL;FIN;IND;V;PRS;POS	5240
ACC;ADJ;MASC;INAN;SG;POS	5157
PL;NOM;MASC;N;INAN;POS	4935
ADJ;PL;MASC;GEN;INAN;POS	4902
V;COND;FIN	4847
ANIM;MASC;GEN;PROPN;SG;POS	4788
ADJ;NOM;NEUT;SG;POS	4520
ADJ;ESS;FEM;SG;POS	4387
NOM;NEUT;DET;SG	4306
ADJ;NEUT;GEN;SG;POS	4080
PL;N;NEUT;GEN;POS	3895
INS;ADP	3656
NOM;MASC;INAN;PROPN;SG;POS	3527
ACT;3;PL;FIN;IND;V;PRS;POS	3499
PL;ADJ;NOM;FEM;POS	3413
INS;N;NEUT;SG;POS	3380
FEM;SG;N;POS;GEN	3341
ANIM;ADJ;NOM;MASC;SG;POS	3321
ANIM;MASC;N;GEN;SG;POS	3205
NOM;MASC;DET;SG	3195
CMPR;POS;ADV	3115
POS;FEM;GEN;N;SG	3101
ADJ;ESS;MASC;INAN;SG;POS	3059
INS;ADJ;FEM;SG;POS	2963
FEM;SG;N;NOM;POS	2960
ACT;{PL/SG};PFV;V;V.PTCP;PST;{FEM/NEUT};POS	2925
PL;ESS;N;FEM;POS	2917
DAT;N;FEM;SG;POS	2906
REFL;PRO;DAT	2900
3;ACT;FIN;V;SG;POS;PRS;IND	2892
ACC;ADJ;NEUT;SG;POS	2878
ADJ;PL;NOM;MASC;INAN;POS	2833
PL;ACC;ADJ;FEM;POS	2820
ACT;{PL/SG};V;V.PTCP;PST;{FEM/NEUT};POS	2812
INAN;N;SG;POS;MASC;GEN	2780
ACC;NEUT;DET;SG	2686
POS;PRS;V;FIN;IND;ACT;SG;3	2648
POS;MASC;GEN;INAN;N;SG	2622
ACC;ADJ;PL;MASC;INAN;POS	2584
POS;NOM;FEM;N;SG	2546
ACT;3;FIN;IND;PFV;V;PRS;SG;POS	2543
V;NFIN;POS	2512
FEM;SG;N;POS;ACC	2504
PRO;REFL;ACC	2502
ACT;ANIM;PL;MASC;V;V.PTCP;PST;POS	2464
ADJ;POS	2435
NOM;DET;FEM;SG	2414
GEN;FEM;PROPN;SG;POS	2406
ESS;FEM;PROPN;SG;POS	2389
IPFV;ACT;MASC;V;V.PTCP;PST;SG;POS	2376
ADV;POS	2339
PROPN;SG;NOM;ANIM;POS;MASC	2328
POS;PROPN;NOM;MASC;ANIM;SG	2326
ACC;PRO;REFL	2296
PSSS;3;DET	2273
ACT;ANIM;PL;MASC;PFV;V;V.PTCP;PST;POS	2264
POS;FEM;ACC;N;SG	2263
SG;INAN;N;NOM;POS;MASC	2195
PL;ESS;MASC;N;INAN;POS	2193
ACT;V;NEUT;V.PTCP;PST;SG;POS	2186
INS;ADJ;MASC;INAN;SG;POS	2159
V;3;ACT;PL;FIN;IND;PRS;POS	2137
POS;ADJ	2133
ADJ;ESS;NEUT;SG;POS	2123
ANIM;ADJ;PL;MASC;GEN;POS	2122
MASC;N;INAN;DAT;SG;POS	2119
ANIM;ADJ;PL;NOM;MASC;POS	2103
SG;INAN;N;POS;ACC;MASC	2073
MASC;N;INAN;POS	2071
3;ACT;FIN;V;SG;POS;PRS;IND;IPFV	2025
DAT;ADP	2016
N;NEUT;DAT;SG;POS	2016
V;3;ACT;FIN;IND;FUT;SG;POS	1994
ACT;3;NEG;FIN;IND;V;PRS;SG	1949
ANIM;PL;ACC;MASC;N;POS	1948
ANIM;MASC;PROPN;POS	1939
POS;NOM;MASC;INAN;N;SG	1906
FEM;N;POS;PL;GEN	1893
POS;ACC;MASC;INAN;N;SG	1858
V;3;COND;FIN	1844
PROPN;POS	1798
FEM;N;POS	1776
FEM;ESS;SG;N;POS	1759
POS;PRS;V;FIN;IPFV;IND;ACT;SG;3	1755
ANIM;PL;NOM;MASC;DET	1738
PL;INS;N;FEM;POS	1724
PSSP;3;DET	1699
NOM;NEUT;PROPN;SG;POS	1684
ANIM;INS;MASC;N;SG;POS	1680
POS;PL;FEM;GEN;N	1627
SG;N;POS;NEUT;GEN	1626
PL;INS;MASC;N;INAN;POS	1618
V;ACT;MASC;V.PTCP;PST;SG;POS	1606
ESS;INAN;N;SG;POS;MASC	1588
ESS;MASC;INAN;PROPN;SG;POS	1565
ANIM;ACC;MASC;N;SG;POS	1538
PL;ADJ;ESS;FEM;POS	1532
POS;GEN;NEUT;N;SG	1512
POS;FEM;ESS;N;SG	1497
ESS;{MASC/NEUT};DET;SG	1491
INAN;N;POS;PL;MASC;GEN	1462
POS;FEM;ADJ;GEN;SG	1452
GEN;{MASC/NEUT};DET;SG	1441
FEM;ADJ;SG;POS;GEN	1440
POS;ESS;MASC;INAN;N;SG	1440
FEM;ADJ;SG;NOM;POS	1422
ACT;PFV;V;NEUT;PST;V.PTCP;SG;POS	1411
IPFV;3;ACT;NEG;FIN;IND;V;PRS;SG	1398
MASC;GEN;INAN;PROPN;SG;POS	1389
POS;PL;MASC;GEN;INAN;N	1387
INS;{MASC/NEUT};DET;SG	1353
POS;NOM;FEM;ADJ;SG	1342
PL;ACC;N;NEUT;POS	1315
ANIM;INS;MASC;PROPN;SG;POS	1285
MASC;INAN;PROPN;POS	1277
ACT;PL;{FEM/MASC};V;V.PTCP;PST;INAN;POS	1269
INS;ADJ;NEUT;SG;POS	1267
PL;NUM;GEN	1265
ESS;NEUT;PROPN;SG;POS	1252
GEN;PL;DET	1252
IPFV;ACT;ANIM;PL;MASC;V;V.PTCP;PST;POS	1244
PL;ADJ;NEUT;GEN;POS	1242
ANIM;PL;INS;MASC;N;POS	1240
V;ACT;FIN;IND;1;PRS;SG;POS	1238
POS;NOM;MASC;N;ANIM;SG	1237
ACC;DET;FEM;SG	1233
PL;NOM;DET;FEM	1232
ANIM;ACC;MASC;PROPN;SG;POS	1225
ANIM;PL;MASC;N;DAT;POS	1208
SG;N;POS;ACC;NEUT	1206
ACC;NUM;SG	1191
V;ACT;PL;FIN;IND;1;PRS;POS	1189
SG;N;NOM;ANIM;POS;MASC	1175
POS;ACC;NEUT;N;SG	1174
IPFV;ACT;{PL/SG};V;V.PTCP;PST;{FEM/NEUT};POS	1153
V;ACT;NEUT;V.PTCP;PST;SG;POS	1137
PL;NOM;N;NEUT;POS	1113
ADJ;PL;ESS;MASC;INAN;POS	1104
ANIM;ADJ;MASC;GEN;SG;POS	1101
FEM;SG;N;POS;INS	1099
V;ACT;{PL/SG};V.PTCP;PST;{FEM/NEUT};POS	1091
V;3;ACT;NEG;FIN;IND;PRS;SG	1086
ACT;PL;FIN;IND;V;1;PRS;POS	1085
SG;N;NOM;POS;NEUT	1070
PL;ESS;N;NEUT;POS	1065
POS;NOM;NEUT;N;SG	1052
ADJ;POS;FEM;SG;DAT	1049
FEM;N;NOM;POS;PL	1042
NEUT;GEN;PROPN;SG;POS	1040
N;NEUT;POS	1031
ACC;MASC;INAN;DET;SG	1025
POS;V.PTCP;V;ACT;PST;MASC;SG	1023
POS;NFIN;V	1006
ANIM;NOM;MASC;PRO	1006
INAN;N;SG;POS;INS;MASC	989
PL;NOM;MASC;INAN;DET	986
POS;PFV;V.PTCP;V;ACT;PST;MASC;SG	978
V;POS;NFIN;IPFV	977
ADJ;INAN;SG;POS;MASC;GEN	976
ADJ;PASS;MASC;PFV;V.PTCP;SG;POS	975
{MASC/NEUT};DET;DAT;SG	974
NEUT;PROPN;POS	969
POS;NFIN;IPFV;V	968
POS;MASC;ADJ;GEN;INAN;SG	964
PFV;PST;V;SG;V.PTCP;POS;ACT;MASC	960
ACT;PL;{FEM/MASC};PFV;V;V.PTCP;PST;INAN;POS	960
DAT;PL;N;FEM;POS	953
ADJ;PASS;MASC;V.PTCP;SG;POS	949
V;PFV;NFIN;POS	935
FEM;ADJ;SG;POS;ACC	932
POS;NFIN;PFV;V	928
ADJ;INAN;SG;NOM;POS;MASC	912
INS;ADJ;PL;MASC;INAN;POS	912
PL;INS;ADJ;FEM;POS	906
ESS;SG;N;POS;NEUT	904
POS;ESS;NEUT;N;SG	899
POS;FEM;INS;N;SG	895
POS;PL;MASC;GEN;N;ANIM	889
POS;NOM;MASC;ADJ;INAN;SG	869
ACT;3;PL;FIN;IND;PFV;V;PRS;POS	865
3;ACT;FIN;V;POS;PL;PRS;IND	862
POS;FEM;ACC;ADJ;SG	856
FEM;N;POS;PL;ACC	851
POS;PL;NOM;FEM;N	846
IPFV;ACT;V;NEUT;V.PTCP;PST;SG;POS	839
V;3;ACT;PL;FIN;IND;FUT;POS	839
N;ANIM;POS;PL;MASC;GEN	827
POS;PROPN;NOM;FEM;SG	808
3;ACC;{MASC/NEUT};PRO;SG	807
ADJ;INAN;SG;POS;ACC;MASC	800
PST;V;SG;V.PTCP;POS;ACT;MASC	800
FEM;PROPN;SG;NOM;POS	794
POS;PL;ACC;MASC;INAN;N	788
POS;PL;FEM;ACC;N	787
FEM;ADJ;POS;PL;GEN	786
3;PL;ACC;PRO	786
3;ACT;FIN;V;POS;PL;PRS;IND;IPFV	785
POS;INS;MASC;INAN;N;SG	777
POS;PRS;PL;V;FIN;IND;ACT;3	777
PROPN;POS;NEUT	776
IPFV;ACT;FIN;IND;V;POS;PRS;SG;1	776
RL;POS;ADV	775
N;NOM;ANIM;POS;PL;MASC	772
POS;PL;NOM;MASC;N;ANIM	770
ADJ;MASC;INAN;DAT;SG;POS	767
IPFV;ACT;PL;FIN;IND;V;POS;PRS;1	766
{PL/SG};ADJ;PASS;V.PTCP;{FEM/NEUT};POS	763
ANIM;ACC;ADJ;PL;MASC;POS	762
N;POS;NEUT	755
NOM;PRO	754
INAN;N;POS;PL;ACC;MASC	753
{PL/SG};ADJ;PASS;PFV;V.PTCP;{FEM/NEUT};POS	747
IPFV;ACT;PL;{FEM/MASC};V;V.PTCP;PST;INAN;POS	738
PL;MASC;N;INAN;DAT;POS	732
PROPN;SG;ANIM;POS;MASC;GEN	728
PL;ACC;DET;FEM	717
POS;PRS;PL;V;FIN;IPFV;IND;ACT;3	710
ANIM;MASC;DAT;PROPN;SG;POS	710
INAN;N;NOM;POS;PL;MASC	710
GEN;DET;FEM;SG	708
POS;ACC;MASC;ADJ;INAN;SG	707
POS;PL;FEM;ADJ;GEN	691
ANIM;PL;NOM;MASC;PROPN;POS	691
POS;PROPN;FEM	690
DET;SG;NOM;NEUT	672
ANIM;MASC;N;DAT;SG;POS	672
FEM;ESS;ADJ;SG;POS	667
PL;ACC;ADJ;NEUT;POS	666
ADJ;SG;NOM;POS;NEUT	661
ADJ;PASS;NEUT;V.PTCP;SG;POS	656
PL;ACC;MASC;DET	654
PL;ESS;NUM	649
DET;NOM;NEUT;SG	649
ACC;INAN;PRO	648
ACT;FIN;IND;V;1;PRS;SG;POS	646
POS;PL;NOM;MASC;INAN;N	645
POS;PL;MASC;ADJ;GEN;INAN	645
ACT;NEG;MASC;V;V.PTCP;PST;SG	642
ADP	638
POS;NOM;ADJ;NEUT;SG	637
PSSS;DET;3	636
NOM;NUM;SG	636
ADJ;PASS;PFV;NEUT;V.PTCP;SG;POS	635
ANIM;ACC;ADJ;MASC;SG;POS	634
PL;FEM;PROPN;POS	623
ADJ;INAN;POS;PL;MASC;GEN	623
ADJ;SG;POS;NEUT;GEN	620
PL;ADJ;NOM;NEUT;POS	613
N;POS;FEM	605
ADJ;NEUT;SG;POS	604
V;ACT;PL;{FEM/MASC};V.PTCP;PST;INAN;POS	602
PL;ACC;NUM	601
FIN;V;COND	592
POS;PROPN;MASC;GEN;ANIM;SG	584
ESS;DET;FEM;SG	584
POS;FEM;ESS;ADJ;SG	584
ACC;PRO	583
ACT;3;NEG;PL;FIN;IND;V;PRS	582
N;POS;PL;NEUT;GEN	574
NEUT;N;POS	572
3;PRO;{MASC/NEUT};DAT;SG	567
PL;MASC;INAN;PROPN;POS	567
PL;INS;N;NEUT;POS	566
ADJ;NEUT;DAT;SG;POS	556
3;PL;GEN;PRO	554
FEM;ADJ;NOM;POS;PL	552
ACC;DET	542
POS;ADJ;GEN;NEUT;SG	540
PL;PRO;DAT;1	540
POS;PL;GEN;NEUT;N	536
PL;ADJ;PASS;{FEM/MASC};V.PTCP;INAN;POS	535
ANIM;INS;ADJ;MASC;SG;POS	534
PL;INS;NUM	530
INS;FEM;PROPN;SG;POS	527
NOM;INAN;PRO	518
3;ACC;PRO;FEM;SG	511
POS;V.PTCP;V;ACT;PST;NEUT;SG	506
3;PL;PRO;DAT	498
SG;N;POS;NEUT;INS	495
PL;ADJ;POS;FEM;DAT	495
PST;V;{FEM/NEUT};V.PTCP;{PL/SG};POS;ACT	488
ESS;ADJ;INAN;SG;POS;MASC	485
IPFV;3;ACT;NEG;PL;FIN;IND;V;PRS	480
PROPN;POS;FEM	480
POS;V.PTCP;V;ACT;{PL/SG};PST;{FEM/NEUT}	480
ACC;FEM;PROPN;SG;POS	471
ESS;PL;DET	470
PL;NOM;NUM;MASC	468
ANIM;ADJ;PL;MASC;DAT;POS	466
REFL;ACC;FEM;DET;SG	464
PL;ADJ;ESS;NEUT;POS	458
PFV;PST;V;{FEM/NEUT};V.PTCP;{PL/SG};POS;ACT	458
SG;N;ANIM;POS;MASC;GEN	457
POS;PL;NOM;FEM;ADJ	455
ADJ;SG;NOM;ANIM;POS;MASC	455
DET;SG;NOM;MASC	451
PRO;REFL;DAT	449
DET;NOM;MASC;SG	448
PRS;ACT;FIN;V;POS;PL;1;IND	448
ADJ;SG;POS;ACC;NEUT	448
POS;NOM;MASC;ADJ;ANIM;SG	448
ANIM;PL;MASC;GEN;PROPN;POS	447
ANIM;INS;ADJ;PL;MASC;POS	446
ANIM;MASC;N;POS	445
POS;ESS;MASC;ADJ;INAN;SG	444
PL;ADJ;PASS;{FEM/MASC};PFV;V.PTCP;INAN;POS	443
ADV;CMPR;POS	442
NEG;ADV	442
POS;INS;NEUT;N;SG	437
FEM;ADJ;SG;POS;INS	434
NUM;GEN;SG	431
FEM;SG;N;POS;DAT	431
PSSP;DET;3	423
PL;NOM;FEM;PROPN;POS	423
POS;MASC;GEN;N;ANIM;SG	420
PL;GEN;PRO;1	414
POS;PL;FEM;ESS;N	413
ADJ;PL;MASC;INAN;DAT;POS	413
POS;FEM;DAT;N;SG	412
POS;ACC;ADJ;NEUT;SG	412
PRO;DAT;REFL	411
POS;PROPN;NOM;MASC;INAN;SG	410
POS;ADV;CMPR	408
PROPN;INAN;SG;NOM;POS;MASC	407
PL;ACC;NUM;MASC	404
ADJ;MASC;SG;POS	403
DET;PL;GEN	402
FEM;ESS;N;POS;PL	399
DET;FEM;SG;NOM	399
ADJ;INAN;NOM;POS;PL;MASC	394
PRO;DAT;SG;1	394
POS;FEM;INS;ADJ;SG	389
FEM;ADJ;POS;PL;ACC	386
ADJ;ESS;FEM;SG	383
DET;SG;ACC;NEUT	383
PL;NOM;NUM	381
NOM;DET	381
PL;ACC;PRO;1	379
ACT;NEG;MASC;PFV;V;V.PTCP;PST;SG	378
POS;PRS;PFV;V;FIN;IND;ACT;SG;3	375
POS;PL;V.PTCP;V;ACT;PST;MASC;ANIM	374
POS;PL;ACC;MASC;ADJ;INAN	373
3;PFV;ACT;FIN;V;SG;POS;PRS;IND	373
POS;PL;FEM;ACC;ADJ	369
PRS;V;FIN;IND;NEG;ACT;SG;3	369
IPFV;ADJ;PASS;MASC;V.PTCP;SG;POS	367
PST;V;SG;V.PTCP;POS;NEUT;ACT	367
REFL;GEN;{MASC/NEUT};DET;SG	365
PST;V;V.PTCP;ANIM;POS;PL;ACT;MASC	364
REFL;ACC;MASC;INAN;DET;SG	363
PL;ESS;FEM;PROPN;POS	363
ADJ;INAN;SG;POS;INS;MASC	362
POS;PFV;V.PTCP;V;ACT;{PL/SG};PST;{FEM/NEUT}	359
POS;PROPN;FEM;ESS;SG	358
POS;PL;NOM;MASC;ADJ;INAN	358
PL;DET;DAT	357
ACT;3;NEG;FIN;IND;PFV;V;PRS;SG	356
V;COND;PL;FIN;1	356
ADJ;INAN;POS;PL;ACC;MASC	354
PL;NOM;NUM;{FEM/NEUT}	352
DET;ACC;NEUT;SG	352
NOM;NUM;MASC;SG	351
V;COND;FIN;SG;1	350
POS;V.PTCP;V;IPFV;ACT;PST;MASC;SG	348
FEM;PROPN;SG;POS;GEN	343
ACT;NEG;V;NEUT;V.PTCP;PST;SG	342
PST;V;SG;V.PTCP;POS;ACT;MASC;IPFV	341
3;FUT;ACT;FIN;V;SG;POS;IND	335
PFV;PST;V;V.PTCP;ANIM;POS;PL;ACT;MASC	327
FEM;ESS;PROPN;SG;POS	326
3;GEN;{MASC/NEUT};PRO;SG	325
POS;PROPN;FEM;GEN;SG	325
DET;NOM;FEM;SG	324
PSSS;3;FEM;DET;SG	321
INAN;N;SG;POS;DAT;MASC	320
POS;V;FIN;IND;ACT;FUT;SG;3	319
POS;PL;ESS;MASC;INAN;N	319
ADJ;GEN;FEM;SG	316
POS;FEM;N	315
INAN;N;POS;MASC	315
ACT;2;PL;FIN;IND;V;PRS;POS	315
POS;PRS;PL;V;FIN;IND;ACT;1	313
CMPR;ADJ;NOM;FEM;SG;POS	313
PL;ACC;NUM;{FEM/NEUT}	313
POS;PL;PFV;V;V.PTCP;ACT;PST;MASC;ANIM	308
POS;PL;NOM;MASC;ADJ;ANIM	305
NEG;ADJ;NOM;FEM;SG	305
3;V;COND;FIN	305
REFL;PL;GEN;DET	304
IPFV;PL;ADJ;PASS;{FEM/MASC};V.PTCP;INAN;POS	302
POS;DAT;MASC;INAN;N;SG	302
REFL;PL;ACC;MASC;DET	300
ADJ;NOM;ANIM;POS;PL;MASC	300
ACT;3;FIN;IND;V;FUT;SG;POS	299
PRS;ACT;FIN;V;SG;POS;1;IND	297
N;POS	297
ESS;INAN;N;POS;PL;MASC	297
ACC;MASC;INAN;PROPN;SG;POS	294
POS;PRS;V;FIN;IND;ACT;1;SG	291
IPFV;{PL/SG};ADJ;PASS;V.PTCP;{FEM/NEUT};POS	289
POS;DAT;NEUT;N;SG	288
POS;ESS;ADJ;NEUT;SG	288
ADJ;ANIM;POS;PL;MASC;GEN	287
ACC;NUM;FEM;SG	285
INS;MASC;INAN;PROPN;SG;POS	285
PSS;ADJ;NOM;FEM;SG	284
SG;N;POS;DAT;NEUT	283
3;ACT;V;SG;NEG;FIN;PRS;IND	281
INS;NEUT;PROPN;SG;POS	281
V;ACT;ANIM;PL;MASC;V.PTCP;PST;POS	281
ACT;ANIM;NEG;PL;MASC;V;V.PTCP;PST	279
POS;PL;ACC;MASC;N;ANIM	278
ACC;PRO;SG;1	278
FIN;V;3;COND	278
DET;{MASC/NEUT};ESS;SG	275
POS;PL;MASC;ADJ;GEN;ANIM	273
DET;{MASC/NEUT};SG;GEN	273
POS;INS;MASC;N;ANIM;SG	272
POS;INS;MASC;ADJ;INAN;SG	271
ESS;ADJ;SG;POS;NEUT	270
REFL;ESS;{MASC/NEUT};DET;SG	269
PL;GEN;FEM;PROPN;POS	269
V;3;ACT;NEG;FIN;IND;FUT;SG	268
ACT;NEG;FIN;IND;V;PRS;SG;1	264
ACT;{PL/SG};NEG;V;V.PTCP;PST;{FEM/NEUT}	263
POS;MASC;INAN;N	262
GEN;{MASC/NEUT};PRO;SG	262
INS;PL;DET	260
FEM;N;POS;PL;INS	259
POS;PL;INS;MASC;INAN;N	257
ADJ;NOM;FEM;SG	257
IPFV;ACT;NEG;MASC;V;V.PTCP;PST;SG	256
CMPR;ACC;ADJ;FEM;SG;POS	255
NOM;NUM;FEM;SG	254
POS;PL;V.PTCP;V;{FEM/MASC};PST;ACT;INAN	254
CMPR;ADJ;NOM;MASC;INAN;SG;POS	252
PL;NOM;NEUT;DET	249
N;ANIM;POS;PL;ACC;MASC	246
SG;N;ANIM;POS;INS;MASC	246
DET;PL;NOM;MASC;ANIM	244
DET;NOM;ANIM;PL;MASC	244
NEG;ADJ;NOM;NEUT;SG	244
NEG;ADJ;NOM;MASC;INAN;SG	240
ACT;PL;FIN;IND;PFV;V;POS;PRS;1	240
ANIM;PL;ADJ;PASS;MASC;V.PTCP;POS	238
POS;PROPN;MASC;ANIM	237
IPFV;ACT;ADJ;NOM;V.PTCP;FEM;PRS;SG;POS	236
V;3;ACT;NEG;PL;FIN;IND;PRS	235
ACT;NEG;PL;FIN;IND;V;PRS;1	235
ADJ;ESS;NEUT;SG	234
DET;ESS;SG;{MASC/NEUT}	234
ACC;NEUT;PROPN;SG;POS	231
CMPR;ADJ;NOM;NEUT;SG;POS	229
POS;FEM;PROPN;SG;DAT	227
ADJ;POS;PL;NEUT;GEN	225
REFL;INS;{MASC/NEUT};DET;SG	224
PSS;ADJ;GEN;FEM;SG	223
NOM;PRO;SG;1	222
ANIM;ADJ;MASC;DAT;SG;POS	222
PROPN;ANIM;POS;MASC	222
POS;PL;FEM;ESS;ADJ	221
ANIM;PL;MASC;PROPN;POS	221
ACC;ADJ;FEM;SG	221
INAN;N;POS;PL;INS;MASC	220
POS;PL;FEM;INS;N	220
ACC;ADJ;MASC;INAN;SG	218
DET;GEN;SG;{MASC/NEUT}	218
REFL;ACC;NEUT;DET;SG	218
GEN;DET	218
PROPN;SG;NOM;POS;NEUT	217
REFL;GEN;FEM;DET;SG	217
ACC;ADJ;NEUT;SG	217
NEUT;POS;N	217
DET;{MASC/NEUT};SG;INS	216
FEM;PROPN;SG;POS	216
ESS;PROPN;INAN;SG;POS;MASC	215
ANIM;NOM;MASC;DET;SG;POS	214
ANIM;PL;ADJ;MASC;POS	213
DET;INS;SG;{MASC/NEUT}	212
PL;NOM;PRO;1	210
ADJ;NOM;MASC;INAN;SG	209
PSSS;3;NOM;{MASC/NEUT};DET;SG	209
PSSP;PL;GEN;DET;1	208
PSS;ADJ;NOM;MASC;INAN;SG	208
FEM;ESS;ADJ;POS;PL	207
SG;N;ANIM;POS;ACC;MASC	207
3;PRO;FEM;DAT;SG	206
PST;V.PTCP;V;SG;POS;ACT;MASC	205
DET;FEM;ESS;SG	205
INS;DET;FEM;SG	205
IPFV;ACT;ADJ;NOM;MASC;V.PTCP;INAN;PRS;SG;POS	202
PRO;ACC	202
{FEM/MASC};PST;V;INAN;V.PTCP;POS;PL;ACT	201
PROPN;INAN;SG;POS;MASC;GEN	200
PRO;NOM	200
ANIM;ADJ;NOM;MASC;SG	198
ESS;{MASC/NEUT};PRO;SG	198
IPFV;ACT;2;PL;FIN;IND;V;PRS;POS	198
3;PL;INS;PRO	197
3;ACT;V;SG;NEG;FIN;PRS;IND;IPFV	195
POS;PROPN;ESS;MASC;INAN;SG	194
ADJ;NOM;RL;FEM;SG;POS	194
V;ACT;2;PL;FIN;IND;PRS;POS	193
DET;PL;ACC;MASC	192
POS;PROPN;NOM;NEUT;SG	191
NUM;GEN;{MASC/NEUT};SG	191
3;INS;{MASC/NEUT};PRO;SG	190
POS;PL;V.PTCP;V;IPFV;ACT;PST;MASC;ANIM	190
DET;FEM;SG;ACC	190
IPFV;ACT;ACC;ADJ;V.PTCP;FEM;PRS;SG;POS	189
POS;PROPN;NEUT	188
PST;V;{FEM/NEUT};V.PTCP;{PL/SG};POS;ACT;IPFV	188
IPFV;ACT;ANIM;ADJ;NOM;MASC;V.PTCP;PRS;SG;POS	188
ESS;PROPN;SG;POS;NEUT	187
DET;FEM;NOM;PL	187
PFV;PST;V;SG;V.PTCP;POS;NEUT;ACT	187
POS;PROPN;INS;MASC;ANIM;SG	187
DET;FEM;SG;DAT	186
ACT;ANIM;NEG;PL;MASC;PFV;V;V.PTCP;PST	185
ANIM;ESS;MASC;N;SG;POS	185
POS;PFV;V.PTCP;V;ACT;PST;NEUT;SG	183
PST;V.PTCP;V;{FEM/NEUT};{PL/SG};POS;ACT	182
PROPN;SG;POS;NEUT;GEN	181
INS;NUM;{MASC/NEUT};SG	180
POS;PROPN;ESS;NEUT;SG	179
PSSP;GEN;{MASC/NEUT};DET;SG;1	179
ANIM;PL;ADJ;PASS;MASC;PFV;V.PTCP;POS	179
N;FEM;POS	178
ACC;NUM;MASC;INAN;SG	178
PSSP;NOM;{FEM/NEUT};DET;SG;1	178
3;ACT;V;NEG;SG;FIN;PRS;IND	178
POS;ACT;FIN;V;1;PL;PRS;IND;IPFV	177
DET;ACC	176
PST;V;V.PTCP;ANIM;POS;PL;ACT;MASC;IPFV	176
POS;ACC;MASC;N;ANIM;SG	176
IPFV;ACT;PL;ADJ;GEN;V.PTCP;FEM;PRS;POS	176
POS;PL;PFV;V;V.PTCP;{FEM/MASC};PST;ACT;INAN	175
{FEM/MASC};PFV;PST;V;INAN;V.PTCP;POS;PL;ACT	175
PRS;V;FIN;IPFV;IND;NEG;ACT;SG;3	174
ADP;NOM	174
N;ANIM;POS;PL;INS;MASC	174
POS;PL;NOM;NEUT;N	173
PROPN;SG;ANIM;POS;ACC;MASC	173
ADJ;SG;POS;NEUT;INS	172
PL;N;NEUT;DAT;POS	172
DET;PL;NOM;FEM	172
3;ESS;{MASC/NEUT};PRO;SG	171
IPFV;ACT;ADJ;GEN;V.PTCP;FEM;PRS;SG;POS	170
REFL;PL;ACC;FEM;DET	170
REFL;ESS;FEM;DET;SG	168
N;NOM;POS;PL;NEUT	168
V;ACT;NEG;MASC;V.PTCP;PST;SG	168
PL;GEN;NUM	167
IPFV;ACT;ANIM;PL;ADJ;MASC;GEN;V.PTCP;PRS;POS	167
POS;PL;ADJ;GEN;NEUT	166
N;POS;PL;ACC;NEUT	165
NUM;GEN;FEM;SG	165
IPFV;ACT;NEG;FIN;IND;V;PRS;SG;1	165
NUM;PL;GEN	164
PROPN;INAN;POS;MASC	164
POS;FEM;DAT;ADJ;SG	163
NEG;ACC;ADJ;FEM;SG	163
FEM;ADJ;SG;POS;DAT	163
ADJ;SG;ANIM;POS;MASC;GEN	163
ADJ;ESS;MASC;INAN;SG	161
N;ANIM;POS;PL;DAT;MASC	161
POS;PL;DAT;MASC;N;ANIM	161
PL;INS;ADJ;NEUT;POS	160
POS;PL;INS;MASC;N;ANIM	160
POS;PL;ACC;NEUT;N	159
ANIM;PL;ESS;MASC;N;POS	158
POS;PROPN;ACC;MASC;ANIM;SG	158
NEG;ACC;ADJ;MASC;INAN;SG	157
IPFV;ACT;ACC;ADJ;MASC;V.PTCP;INAN;PRS;SG;POS	157
NUM;SG;ACC	156
ACT;{PL/SG};NEG;PFV;V;V.PTCP;PST;{FEM/NEUT}	156
IPFV;ADJ;PASS;NEUT;V.PTCP;SG;POS	156
POS;V.PTCP;V;IPFV;ACT;{PL/SG};PST;{FEM/NEUT}	155
{PL/SG};ADJ;{FEM/NEUT};POS	155
PL;ACC;MASC;INAN;DET	155
DET;INAN;SG;ACC;MASC	154
PL;GEN;PRO	154
PST;V.PTCP;V;SG;POS;NEUT;ACT	154
DET;FEM;ACC;SG	153
ESS;N;POS;PL;NEUT	153
PSSP;GEN;DET;FEM;SG;1	153
FEM;ADJ;POS;PL;INS	152
NEG;PL;ADJ;GEN;FEM	152
POS;PL;ESS;MASC;ADJ;INAN	152
POS;INS;ADJ;NEUT;SG	149
CMPR;ACC;ADJ;MASC;INAN;SG;POS	149
POS;PROPN;GEN;NEUT;SG	149
ADJ;NEUT;GEN;SG	148
ADJ;NOM;RL;MASC;INAN;SG;POS	148
DET;PL;NOM;MASC;INAN	146
FEM;N;POS;PL;DAT	146
IPFV;ACT;PL;ADJ;MASC;GEN;V.PTCP;INAN;PRS;POS	146
ESS;ADJ;INAN;POS;PL;MASC	145
PST;V;SG;V.PTCP;POS;NEUT;ACT;IPFV	145
ACT;NEG;PL;{FEM/MASC};V;V.PTCP;PST;INAN	144
PL;ACC;NEUT;DET	143
V;ACT;NEG;NEUT;V.PTCP;PST;SG	142
PSS;ACC;ADJ;FEM;SG	142
DET;ACC;MASC;INAN;SG	142
3;PRO;GEN;FEM;SG	141
3;FUT;ACT;FIN;V;POS;PL;IND	141
POS;PL;INS;MASC;ADJ;INAN	141
NOM;PRO;MASC;ANIM	141
POS;PROPN;MASC;GEN;INAN;SG	140
ANIM;ACC;PL;MASC;PROPN;POS	140
POS;PROPN	139
POS;PROPN;MASC;INAN	139
INS;INAN;PRO	139
3;PL;ESS;PRO	139
PRS;PL;V;FIN;IND;NEG;ACT;3	138
PSSP;NOM;MASC;DET;SG;1	138
PL;ADJ;RL;GEN;FEM;POS	138
NEG;ADJ;GEN;FEM;SG	137
INS;NUM;FEM;SG	137
3;PFV;ACT;FIN;V;POS;PL;PRS;IND	137
REFL;INS;PRO	137
V;ACT;PL;FIN;IND;FUT;1;POS	136
ACT;NEG;PFV;V;NEUT;PST;V.PTCP;SG	135
REFL;INS;FEM;DET;SG	135
POS;PRS;V;FIN;IPFV;IND;ACT;1;SG	135
CMPR;PL;ADJ;NOM;FEM;POS	135
PL;ADJ;NEUT;GEN	134
3;ACT;V;NEG;FIN;PL;PRS;IND	134
POS;PASS;PFV;V.PTCP;MASC;ADJ;SG	133
POS;PL;ESS;NEUT;N	133
PRO;NOM;ANIM;MASC	133
DET;DAT;SG;{MASC/NEUT}	133
PL;ACC;PRO;3	133
3;PRO;ESS;FEM;SG	132
POS;MASC;ADJ;GEN;ANIM;SG	132
POS;PASS;V.PTCP;MASC;ADJ;SG	132
PL;NOM;MASC;INAN;PROPN;POS	132
POS;PRS;PL;V;FIN;IPFV;IND;ACT;1	131
FEM;ESS;ADJ;SG	131
DET;INAN;NOM;PL;MASC	131
NEG;ADJ;PL;MASC;GEN;INAN	130
DET;{MASC/NEUT};SG;DAT	130
ANIM;ESS;MASC;PROPN;SG;POS	129
ACC;ADJ;RL;FEM;SG;POS	129
ADJ;MASC;GEN;INAN;SG	128
ESS;DET	128
DET;ESS;PL	128
POS;ACT;FIN;V;SG;1;PRS;IND;IPFV	127
IPFV;ACT;ANIM;NEG;PL;MASC;V;V.PTCP;PST	127
POS;PL;FEM;DAT;N	126
ADJ;INAN;SG;POS;DAT;MASC	126
NEG;PL;ADJ;NOM;FEM	126
PFV;ADJ;V.PTCP;{FEM/NEUT};PASS;{PL/SG};POS	126
CMPR;PL;ACC;ADJ;FEM;POS	126
NOM;MASC;PRO;SG	126
PL;IMP;FIN;V;1;POS	124
PFV;ADJ;V.PTCP;SG;PASS;POS;MASC	123
IPFV;ACT;PL;ADJ;NOM;V.PTCP;FEM;PRS;POS	122
NEUT;DAT;PROPN;SG;POS	122
PROPN;SG;ANIM;POS;INS;MASC	122
POS;PL;FEM;INS;ADJ	121
POS;PL;V.PTCP;V;IPFV;{FEM/MASC};PST;ACT;INAN	120
ESS;PRO;FEM;SG	120
PSS;ADJ;MASC;GEN;INAN;SG	120
REFL;PL;ESS;DET	119
ANIM;ACC;MASC;DET;SG	119
ACC;ADJ;RL;MASC;INAN;SG;POS	119
PL;ESS;MASC;INAN;PROPN;POS	119
2;PL;PRO;DAT	118
DET;FEM;SG;GEN	117
POS;PL;V;FIN;IND;ACT;FUT;3	117
INS;ADJ;RL;FEM;SG;POS	117
ADJ;V.PTCP;{FEM/NEUT};PASS;{PL/SG};POS	117
V;3;ACT;NEG;PL;FIN;IND;FUT	117
V;ACT;{PL/SG};NEG;V.PTCP;PST;{FEM/NEUT}	117
ACT;3;NEG;PL;FIN;IND;PFV;V;PRS	116
ADJ;V.PTCP;SG;PASS;POS;MASC	116
ANIM;PL;MASC;DAT;PROPN;POS	116
POS;PASS;V.PTCP;{PL/SG};ADJ;{FEM/NEUT}	116
ACT;FIN;IND;PFV;V;POS;PRS;SG;1	115
POS;DAT;MASC;ADJ;INAN;SG	115
IPFV;ACT;ANIM;PL;ADJ;NOM;MASC;V.PTCP;PRS;POS	114
INTJ	113
ADV;NEG	112
3;{MASC/NEUT};PRO;SG;ACC	112
PL;NUM;DAT	112
POS;V.PTCP;V;IPFV;ACT;PST;NEUT;SG	112
ANIM;PL;INS;MASC;PROPN;POS	112
3;NOM;MASC;PRO;SG	110
INS;ADJ;RL;MASC;INAN;SG;POS	110
PSSP;ESS;{MASC/NEUT};DET;SG;1	110
PL;ESS;PRO	110
DET;PL;FEM;ACC	109
ADJ;INAN;POS;PL;INS;MASC	109
IPFV;ACT;NEG;V;NEUT;V.PTCP;PST;SG	109
NEG;PL;ACC;ADJ;FEM	108
PRO;1;PL;DAT	108
ADJ;ANIM;POS;PL;ACC;MASC	108
ESS;NUM;FEM;SG	108
CMPR;PL;ADJ;NOM;MASC;INAN;POS	107
{FEM/MASC};PST;V;INAN;V.PTCP;POS;PL;ACT;IPFV	107
POS;PRS;PL;V;2;FIN;IND;ACT	107
POS;DAT;MASC;N;ANIM;SG	107
IPFV;ACT;ADJ;MASC;GEN;V.PTCP;INAN;PRS;SG;POS	106
REFL;PL;INS;DET	106
ACC;PRO;3;SG;{MASC/NEUT}	106
INS;ADJ;FEM;SG	105
DET;FEM;PL;ACC	105
ADV;RL;POS	104
INS;DET	104
IPFV;ACT;ACC;ADJ;PL;MASC;V.PTCP;INAN;PRS;POS	104
POS;ADV;RL	103
MASC;INAN;PROPN;SG;POS	103
NEG;ACC;ADJ;NEUT;SG	103
PL;ADJ;RL;MASC;GEN;INAN;POS	103
ADJ;NOM;NEUT;SG	103
ADJ;NOM;POS;PL;NEUT	103
IPFV;ACT;PL;ACC;ADJ;V.PTCP;FEM;PRS;POS	103
PL;PRO;1;DAT	102
NEG;ADJ;NEUT;GEN;SG	102
{FEM/MASC};PST;V.PTCP;V;INAN;POS;PL;ACT	102
DET;NOM	101
IPFV;ANIM;PL;ADJ;PASS;MASC;V.PTCP;POS	101
IPFV;ACT;ADJ;NOM;NEUT;V.PTCP;PRS;SG;POS	101
POS;PL;NOM;ADJ;NEUT	101
PROPN;NOM;ANIM;POS;PL;MASC	101
POS;PRS;PL;PFV;V;FIN;IND;ACT;3	101
V.PTCP;V;NEG;ACT;PST;MASC;SG	101
INS;PRO	101
PSSS;3;PL;NOM;DET	100
POS;PASS;PFV;V.PTCP;{PL/SG};ADJ;{FEM/NEUT}	100
IPFV;ACT;PL;ADJ;NOM;MASC;V.PTCP;INAN;PRS;POS	100
PSSP;ANIM;PL;NOM;MASC;DET;1	100
3;FEM;PRO;SG;ACC	99
POS;PL;ACC;MASC;ADJ;ANIM	99
CMPR;PL;ADJ;GEN;FEM;POS	99
NEG;ADJ;PL;NOM;MASC;INAN	99
ANIM;PRO;MASC;DAT	99
IPFV;ACT;INS;ADJ;V.PTCP;FEM;PRS;SG;POS	98
POS;PL;INS;NEUT;N	98
PL;2;ACC;PRO	98
PL;ADJ;NOM;RL;FEM;POS	98
ANIM;ACC;MASC;PRO	98
PSS;ADJ;NOM;NEUT;SG	98
NEG;INS;ADJ;FEM;SG	97
POS;PL;DAT;MASC;INAN;N	97
PROPN;SG;ANIM;POS;DAT;MASC	97
PROPN;FEM;POS	97
GEN;REFL;PRO	96
ESS;REFL;PRO	96
IPFV;ACT;{PL/SG};NEG;V;V.PTCP;PST;{FEM/NEUT}	95
POS;PASS;PFV;V.PTCP;ADJ;NEUT;SG	95
2;PL;IMP;FIN;V;POS	95
IPFV;ACT;INS;ADJ;MASC;V.PTCP;INAN;PRS;SG;POS	94
PSS;ADJ;ESS;FEM;SG	93
PRO;ACC;INAN	93
3;PRO;PL;ACC	93
PSS;ADJ;NEUT;GEN;SG	92
ANIM;NEG;ADJ;NOM;MASC;SG	92
CMPR;PL;ADJ;MASC;GEN;INAN;POS	92
POS;ADJ;NEUT;SG	92
ADJ;NOM;RL;NEUT;SG;POS	91
{MASC/NEUT};PRO;DAT;SG;3	91
SG;N;ANIM;POS;DAT;MASC	91
ADJ;SG;POS;NEUT	91
MASC;INAN;DAT;PROPN;SG;POS	91
POS;PL;ACC;ADJ;NEUT	91
PL;PRO;GEN;3	91
POS;PASS;V.PTCP;ADJ;NEUT;SG	90
INAN;N;POS;PL;DAT;MASC	90
NEG;ACC;N;FEM;SG	90
ACC;MASC;INAN;DET;SG;POS	90
NEG;NOM;N;FEM;SG	90
2;FIN;PFV;V;POS;SG;IMP	89
N;POS;PL;NEUT;INS	89
NOM;PRO;FEM;SG	89
PRO;INAN;ACC	89
PL;ACC;PRO	88
PFV;POS;ACT;FIN;V;1;PL;PRS;IND	87
FEM;ACC;PRO;SG;3	87
POS;PL;PROPN;FEM	87
ESS;NUM;{MASC/NEUT};SG	86
ESS;NUM;PL	86
CMPR;ADJ;GEN;FEM;SG;POS	86
PSSS;3;INS;{MASC/NEUT};DET;SG	86
FEM;ADJ;POS;PL;DAT	86
PFV;ADJ;V.PTCP;SG;PASS;POS;NEUT	86
PL;ADJ;ESS;NEUT	86
N;ANIM;POS;MASC	85
ANIM;NEG;ADJ;PL;NOM;MASC	85
INS;ADJ;MASC;INAN;SG	85
ADJ;SG;ANIM;POS;ACC;MASC	85
ADJ;SG;ANIM;POS;INS;MASC	85
PSS;ACC;ADJ;MASC;INAN;SG	85
3;PRO;PL;GEN	84
INS;{MASC/NEUT};PRO;SG	84
ANIM;ADJ;NOM;RL;MASC;SG;POS	84
NEG;ADJ;ESS;FEM;SG	83
NUM;NOM;PL;MASC	83
ACT;NEG;PL;{FEM/MASC};PFV;V;V.PTCP;PST;INAN	83
NEG;ACC;ADJ;PL;MASC;INAN	83
ADJ;RL;GEN;FEM;SG;POS	83
CMPR;ACC;ADJ;NEUT;SG;POS	83
NUM;PL;ACC	82
IPFV;ACT;NEG;PL;FIN;IND;V;PRS;1	82
PL;ADJ;NEUT;DAT;POS	82
3;{MASC/NEUT};PRO;SG;DAT	82
ADJ;V.PTCP;SG;PASS;POS;NEUT	81
NUM;SG;NOM	81
ADJ;SG;POS;DAT;NEUT	81
NUM;SG;GEN	81
PST;V;SG;NEG;V.PTCP;ACT;MASC	81
POS;PL;FEM;DAT;ADJ	80
POS;INS;MASC;ADJ;ANIM;SG	80
REFL;PL;DET;DAT	80
PRO;INAN;NOM	80
PL;IMP;FIN;PFV;V;POS;1	80
REFL;ANIM;ACC;MASC;DET;SG	79
ADJ;POS;PL;ACC;NEUT	79
POS;DAT;ADJ;NEUT;SG	79
DET;INS;PL	79
IPFV;NFIN;NEG;V	79
FEM;PROPN;POS;PL	79
NEG;N;GEN;FEM;SG	79
{FEM/MASC};PFV;ADJ;V.PTCP;INAN;PASS;POS;PL	79
POS;PROPN;DAT;MASC;ANIM;SG	79
PL;INS;PRO	79
IPFV;ACT;MASC;V;V.CVB;PRS;SG;POS	78
ANIM;CMPR;PL;ADJ;NOM;MASC;POS	78
PSSP;ACC;DET;FEM;SG;1	78
NEG;ADJ;MASC;GEN;INAN;SG	77
{FEM/MASC};ADJ;V.PTCP;INAN;PASS;POS;PL	77
ADJ;RL;ESS;FEM;SG;POS	77
CMPR;ADJ;ESS;FEM;SG;POS	76
ESS;MASC;INAN;DET;SG;POS	76
PL;MASC;GEN;INAN;PROPN;POS	76
NOM;DET;FEM;SG;POS	76
PSSS;3;ESS;{MASC/NEUT};DET;SG	76
ANIM;PL;ACC;MASC;DET	76
CMPR;INS;ADJ;FEM;SG;POS	76
COND;V;FIN;PL;1	76
PROPN;NEUT;POS	76
FEM;PROPN;SG;POS;ACC	75
PRO;GEN;FEM;SG	75
CMPR;ADJ;MASC;GEN;INAN;SG;POS	75
ACT;2;PL;FIN;IND;PFV;V;PRS;POS	75
PSS;ADJ;ESS;MASC;INAN;SG	75
DET;FEM;REFL;SG;ACC	74
PL;PRO;DAT	74
PL;V;FIN;1;COND	74
DET;FEM;GEN;SG	73
PRO;1;DAT;SG	73
PROPN;INAN;POS;PL;MASC	72
3;INS;PRO;FEM;SG	72
ACT;3;PL;FIN;IND;V;FUT;POS	72
NOM;NUM;NEUT;SG	71
DET;FEM;ACC;REFL;SG	71
PRO;NOM;INAN	71
PSSS;3;GEN;{MASC/NEUT};DET;SG	71
PSSP;PL;ACC;DET;1	70
PL;N;FEM;POS	70
NUM;PL;INS	70
REFL;{MASC/NEUT};DET;SG;DAT	70
PRO;{MASC/NEUT};DAT;SG	69
POS;PASS;PL;V.PTCP;{FEM/MASC};ADJ;INAN	69
ANIM;ACC;NUM;MASC;SG	69
PL;PRO;1;GEN	69
NOM;ADP	69
GEN;NUM;SG	68
ADJ;SG;POS;MASC	68
ANIM;PL;ADJ;RL;MASC;GEN;POS	68
3;ACC;NEUT;PRO;SG	68
PL;NOM;PRO;FEM	68
V;COND;2;PL;FIN	68
NOM;MASC;INAN;DET;SG;POS	68
V;ACT;NEG;PL;{FEM/MASC};V.PTCP;PST;INAN	68
PRS;PL;V;FIN;IPFV;IND;NEG;ACT;3	67
POS;PASS;PL;PFV;V.PTCP;{FEM/MASC};ADJ;INAN	67
ACT;FIN;V;2;POS;PL;PRS;IND	67
ADJ;INAN;POS;PL;DAT;MASC	67
POS;PROPN;FEM;ACC;SG	67
POS;PROPN;PL;NOM;MASC;ANIM	67
V;3;IPFV;ACT;FIN;IND;PRS;SG;POS	66
IPFV;ACT;ANIM;ADJ;MASC;GEN;V.PTCP;PRS;SG;POS	66
PL;ACC;ADJ;RL;FEM;POS	66
POS;MASC;N;ANIM	65
3;PRO;PL;DAT	65
ANIM;ADJ;ESS;MASC;SG;POS	65
PRO;1;PL;GEN	65
FEM;ADJ;GEN;SG	65
POS;ACC;MASC;ADJ;ANIM;SG	65
ADJ;ANIM;POS;PL;INS;MASC	65
ACC;NUM;NEUT;SG	64
DU;INS;N;FEM;POS	64
CMPR;ACC;ADJ;PL;MASC;INAN;POS	64
ACT;3;NEG;FIN;IND;V;FUT;SG	64
ANIM;CMPR;ADJ;NOM;MASC;SG;POS	64
FEM;PROPN;NOM;POS;PL	63
POS;N	63
IPFV;ACT;ADJ;ESS;V.PTCP;FEM;PRS;SG;POS	63
V.PTCP;V;NEG;ACT;PST;NEUT;SG	63
PSSP;ESS;DET;FEM;SG;1	63
IPFV;ACT;NEG;PL;{FEM/MASC};V;V.PTCP;PST;INAN	63
ANIM;INS;ADJ;RL;MASC;SG;POS	62
FEM;ADJ;SG;NOM;POS;CMPR	62
3;ACT;V;NEG;FIN;PL;PRS;IND;IPFV	62
POS;PL;ESS;ADJ;NEUT	61
PRO;SG;1;DAT	61
PSSP;PL;ESS;DET;1	61
NEG;INS;ADJ;MASC;INAN;SG	61
DET;ACC;MASC;INAN;REFL;SG	60
PL;MASC;N;INAN;POS	60
PSSS;NOM;MASC;DET;SG;1	60
MASC;N;INAN;SG;POS	60
GEN;PRO;SG;1	60
PROPN;SG;POS;NEUT;INS	59
CMPR;ADJ;NEUT;GEN;SG;POS	59
2;PL;FIN;PFV;V;POS;IMP	59
3;ANIM;PL;NOM;MASC;PRO	59
ACC;ADJ;PL;RL;MASC;INAN;POS	59
POS;PL;DAT;MASC;ADJ;INAN	59
NUM;PL;ACC;MASC	58
PRO;1;PL;ACC	58
PL;PRO;DAT;3	58
DET;GEN	58
PSS;ACC;ADJ;NEUT;SG	58
POS;PL;PROPN;NOM;FEM	57
PSSS;DET;FEM;3;SG	57
ACC;ADJ;RL;NEUT;SG;POS	57
PRS;PFV;V;FIN;IND;NEG;ACT;SG;3	57
PSSS;3;PL;GEN;DET	57
PST;V;SG;NEG;V.PTCP;NEUT;ACT	57
PL;INS;PRO;1	56
PSSS;GEN;{MASC/NEUT};DET;SG;1	56
IPFV;ACT;ANIM;ACC;ADJ;PL;MASC;V.PTCP;PRS;POS	56
ESS;ADJ;POS;PL;NEUT	56
FEM;PROPN;SG;POS;INS	56
DET;{MASC/NEUT};REFL;SG;GEN	56
ANIM;NEG;ADJ;PL;MASC;GEN	56
PL;ADJ;{FEM/MASC};INAN;POS	56
NUM;NOM;PL	55
DET	55
POS;PL;PROPN;MASC;INAN	55
IPFV;ACT;ADJ;ESS;MASC;V.PTCP;INAN;PRS;SG;POS	55
DET;FEM;ESS;REFL;SG	55
ADJ;INAN;SG;NOM;POS;CMPR;MASC	55
FEM;ADJ;SG;GEN	54
{FEM/MASC};ADJ;V.PTCP;INAN;PASS;POS;PL;IPFV	54
PSSS;3;ACC;MASC;INAN;DET;SG	54
POS;PASS;PL;V.PTCP;IPFV;{FEM/MASC};ADJ;INAN	53
ACC;PRO;1;SG	53
PRS;V;FIN;IND;NEG;1;ACT;SG	53
CMPR;INS;ADJ;MASC;INAN;SG;POS	53
V;FIN;1;COND;SG	53
DET;REFL;INAN;SG;ACC;MASC	53
ACC;DET;FEM;SG;POS	53
POS;PROPN;FEM;INS;SG	53
FEM;ESS;NUM;SG	53
PL;NOM;MASC;NUM	53
NFIN;NEG;V	53
INS;PROPN;SG;ANIM;POS;MASC	53
ANIM;ADJ;PL;ESS;MASC;POS	53
POS;PROPN;PL;MASC;GEN;ANIM	52
POS;PL;INS;MASC;ADJ;ANIM	52
POS;MASC;ADJ;SG	52
PFV;PST;V;SG;NEG;V.PTCP;ACT;MASC	52
V.PTCP;V;NEG;ACT;{PL/SG};PST;{FEM/NEUT}	52
3;PFV;ACT;V;SG;NEG;FIN;PRS;IND	52
NUM;{FEM/NEUT};PL;ACC	52
ESS;ADJ;NEUT;SG	52
PSS;PL;ADJ;NOM;MASC;INAN	52
V;ACT;FIN;IND;FUT;1;SG;POS	52
PSS;PL;ADJ;GEN;FEM	51
POS;PL;PROPN;FEM;ESS	51
ESS;INAN;PRO	51
PSS;ANIM;ADJ;NOM;MASC;SG	51
FEM;NUM;SG;NOM	51
IPFV;ACT;ACC;ADJ;NEUT;V.PTCP;PRS;SG;POS	51
REFL;PL;ACC;NEUT;DET	51
POS;PROPN;INS;NEUT;SG	50
IPFV;2;PL;FIN;V;POS;IMP	50
NEUT;PROPN;SG;POS	50
GEN;PRO	50
DET;PL;ACC;NEUT	50
ANIM;PL;ADJ;NOM;RL;MASC;POS	49
POS;PASS;V.PTCP;IPFV;MASC;ADJ;SG	49
ACT;NEG;2;PL;FIN;IND;V;PRS	49
ACT;FIN;V;SG;NEG;1;PRS;IND	48
PL;ADJ;MASC;GEN;INAN	48
ACC;PRO;FEM;SG	48
ANIM;MASC;N;POS;SG;VOC	48
PSSP;ACC;MASC;INAN;DET;SG;1	48
NUM;SG;NOM;MASC	48
PSS;PL;ADJ;NOM;FEM	48
FEM;ADJ;V.PTCP;SG;NOM;POS;PRS;ACT;IPFV	47
ESS;PRO	47
PL;NOM;MASC;INAN;PRO	47
PL;V.PTCP;V;NEG;ACT;PST;MASC;ANIM	47
DET;GEN;REFL;SG;{MASC/NEUT}	47
ADJ;V.PTCP;SG;PASS;POS;MASC;IPFV	47
DET;NOM;PL;NEUT	47
PSS;INS;ADJ;FEM;SG	46
{MASC/NEUT};PRO;GEN;SG;3	46
ACT;FIN;V;NEG;1;PL;PRS;IND	46
FEM;ADJ;SG;NOM	46
IMP;FIN;2;V;SG;POS	46
PFV;V.PTCP;V;NEG;ACT;PST;MASC;SG	46
PST;V;{FEM/NEUT};NEG;V.PTCP;{PL/SG};ACT	46
ADJ;V.PTCP;{FEM/NEUT};PASS;{PL/SG};POS;IPFV	46
ADJ;RL;MASC;GEN;INAN;SG;POS	46
POS;PL;DAT;MASC;ADJ;ANIM	46
PL;ACC;FEM;PROPN;POS	46
NEG;ADJ;ESS;MASC;INAN;SG	45
FEM;PRO;ESS;SG	45
CMPR;ADJ;ESS;MASC;INAN;SG;POS	45
ANIM;INS;ADJ;MASC;SG	45
POS;NOM;FEM;ADJ;CMPR;SG	45
ANIM;MASC;PROPN;SG;POS	45
PSSP;PL;NOM;{FEM/NEUT};DET;1	45
V.PTCP;V;IPFV;NEG;ACT;PST;MASC;SG	44
DAT;REFL;PRO	44
PRO;SG;NOM;1	44
PSSS;3;PL;ACC;DET	44
3;FUT;ACT;V;NEG;SG;FIN;IND	44
DAT;PRO	44
ESS;PROPN;SG;ANIM;POS;MASC	44
PL;ADJ;NOM;RL;MASC;INAN;POS	44
ACT;FIN;V;2;POS;PL;PRS;IND;IPFV	44
NOM;NEG;MASC;ADJ;INAN;SG	44
PSS;ANIM;PL;ADJ;NOM;MASC	43
2;PL;NOM;PRO	43
FEM;ADJ;SG;NEG;NOM	43
REFL;FEM;DET;SG;DAT	43
PSSP;DET;{MASC/NEUT};SG;1;GEN	43
PSS;ADJ;ESS;NEUT;SG	43
IPFV;ACT;ADJ;NEUT;GEN;V.PTCP;PRS;SG;POS	43
ESS;DET;FEM;SG;POS	43
DET;PL;DAT	43
DET;REFL;PL;GEN	43
PSS;PL;ADJ;MASC;GEN;INAN	42
ANIM;PL;ADJ;NOM;MASC	42
NEG;INS;ADJ;NEUT;SG	42
PROPN;SG;POS;ACC;NEUT	42
ADJ;V.PTCP;INAN;SG;NOM;POS;PRS;ACT;MASC;IPFV	42
PSS;FEM;ADJ;SG;GEN	42
DET;REFL;SG;ACC;NEUT	42
PSSP;INS;{MASC/NEUT};DET;SG;1	42
INS;ADJ;NEUT;SG	42
POS;PRS;PL;PFV;V;FIN;IND;ACT;1	41
POS;PROPN;ACC;NEUT;SG	41
PL;ACC;MASC;NUM	41
{MASC/NEUT};PRO;SG;GEN	41
ADJ;ANIM;POS;PL;DAT;MASC	41
ACC;MASC;ADJ;INAN;SG	41
PST;V.PTCP;V;ANIM;POS;PL;ACT;MASC	41
PROPN;INAN;SG;POS;INS;MASC	41
PST;V;NEG;V.PTCP;ANIM;PL;ACT;MASC	41
3;{MASC/NEUT};PRO;ESS;SG	41
FEM;ADJ;SG;ACC	41
FEM;ESS;PROPN;POS;PL	40
NEG;ESS;N;FEM;SG	40
FEM;ACC;NUM;SG	40
DET;ESS;REFL;SG;{MASC/NEUT}	40
PSS;INS;ADJ;MASC;INAN;SG	40
IPFV;PL;IMP;FIN;V;POS;1	40
PRO	40
V;FIN;IND;NEG;ACT;FUT;SG;3	40
NUM;{FEM/NEUT};NOM;PL	40
PFV;NFIN;NEG;V	40
POS;PL;PROPN;FEM;GEN	40
DET;DAT;PL	40
CMPR;ADJ;NEUT;DAT;SG;POS	40
FEM;NUM;SG;ACC	40
NOM;FEM;ADJ;SG	39
DET;FEM;SG;INS	39
DET;PL;GEN;REFL	39
ANIM;ACC;MASC;DET;SG;POS	39
POS;PRS;PL;V;2;FIN;IPFV;IND;ACT	39
CMPR;PL;ADJ;ESS;FEM;POS	39
FEM;PROPN;POS;PL;GEN	39
POS;PROPN;PL;MASC;INAN	39
NEG;ADJ;ESS;NEUT;SG	39
GEN;INAN;PRO	39
PSSS;3;ACC;NEUT;DET;SG	39
IPFV;ACT;PL;ADJ;NEUT;GEN;V.PTCP;PRS;POS	39
NOM;NEUT;PRO;SG	39
IPFV;ACT;PL;ADJ;ESS;V.PTCP;FEM;PRS;POS	39
PRS;PL;V;FIN;IND;NEG;1;ACT	38
PL;INS;FEM;PROPN;POS	38
DET;PL;ACC;MASC;REFL	38
ADJ;FEM;SG;POS	38
PST;V;SG;NEG;V.PTCP;ACT;MASC;IPFV	38
3;FEM;PRO;SG;DAT	38
NOM;FEM;NEG;ADJ;SG	38
PL;ADJ;RL;POS;FEM;DAT	37
POS;FEM;ACC;CMPR;ADJ;SG	37
3;NOM;PRO;FEM;SG	37
DET;FEM;GEN;REFL;SG	37
ANIM;INS;MASC;PRO	37
PL;V.PTCP;V;NEG;{FEM/MASC};PST;ACT;INAN	37
V;ACT;NEG;FIN;IND;PRS;SG;1	37
PSSS;NOM;{FEM/NEUT};DET;SG;1	37
PSSP;DET;PL;1;GEN	37
CMPR;INS;ADJ;NEUT;SG;POS	37
INS;PRO;FEM;SG	37
PSS;PL;ADJ;ESS;MASC;INAN	37
PRO;NOM;1;PL	37
POS;PASS;V.PTCP;IPFV;{PL/SG};ADJ;{FEM/NEUT}	36
ADJ;GEN;NEUT;SG	36
ADJ;V.PTCP;INAN;SG;POS;ACC;PRS;ACT;MASC;IPFV	36
MASC;ADJ;GEN;INAN;SG	36
ANIM;CMPR;PL;ADJ;MASC;GEN;POS	36
POS;PROPN;INS;MASC;INAN;SG	36
ADJ;INAN;SG;NOM;NEG;MASC	36
ACT;FIN;2;V;POS;PL;PRS;IND	36
FEM;PROPN;SG;POS;DAT	36
IPFV;ACT;ANIM;ACC;ADJ;MASC;V.PTCP;PRS;SG;POS	36
POS;NOM;ADJ;CMPR;NEUT;SG	36
PSSS;DET;FEM;SG;3	35
ADJ;ANIM;POS;PL;MASC	35
FEM;ADJ;SG;POS;CMPR;ACC	35
NOM;NEG;ADJ;NEUT;SG	35
PSSS;DET;NOM;3;SG;{MASC/NEUT}	35
POS;DAT;MASC;ADJ;ANIM;SG	35
ADJ;SG;NEG;NOM;NEUT	34
CMPR;ADJ;INAN;SG;POS;ACC;MASC	34
FUT;ACT;FIN;V;POS;PL;1;IND	34
FEM;ADJ;RL;SG;NOM;POS	34
PL;ADJ;NOM;FEM	34
DET;PL;NOM;NEUT	34
3;{MASC/NEUT};PRO;SG;GEN	34
{MASC/NEUT};PRO;ESS;SG	34
NFIN;POS;V	34
DET;REFL;PL;ACC;MASC	34
PROPN;INAN;NOM;SG;POS;MASC	34
IPFV;ACT;ADJ;POS;V.PTCP;FEM;PRS;SG;DAT	34
INS;ADJ;RL;NEUT;SG;POS	34
PRO;FEM;DAT;SG	34
PSSP;INS;DET;FEM;SG;1	34
PL;ACC;ADJ;MASC;INAN	33
NEG;PL;ADJ;ESS;FEM	33
PROPN;ANIM;POS;PL;MASC;GEN	33
ANIM;ADJ;MASC;GEN;SG	33
FEM;ADJ;V.PTCP;SG;POS;ACC;PRS;ACT;IPFV	33
CMPR;ADJ;POS;FEM;SG;DAT	33
DET;FEM;REFL;SG;GEN	33
GEN;DET;FEM;SG;POS	33
ADJ;SG;INAN;ACC;MASC	33
PROPN;INAN;SG;POS;ACC;MASC	33
DET;{MASC/NEUT};ESS;REFL;SG	32
IMP;PFV;FIN;V;2;SG;POS	32
DET;ESS	32
PRO;PL;GEN	32
NOM;MASC;ADJ;INAN;SG	32
PSSP;DET;{FEM/NEUT};SG;NOM;1	32
ACC;NEUT;PRO;SG	32
DET;INS;REFL;SG;{MASC/NEUT}	32
POS;PL;V;FIN;IND;ACT;1;FUT	32
PSSP;PL;DET;DAT;1	32
ADJ;RL;ESS;NEUT;SG;POS	31
NEG;PL;ADJ;NOM;NEUT	31
PL;ADJ;GEN;FEM	31
2;PL;GEN;PRO	31
NEG;PL;ADJ;NEUT;GEN	31
PRO;SG;1;ACC	31
ACT;NEG;PL;FIN;IND;PFV;V;PRS;1	31
DET;{MASC/NEUT};REFL;SG;INS	30
FEM;ACC;ADJ;SG	30
NOM;MASC;NUM;SG	30
ANIM;MASC;DET;DAT;SG;POS	30
PFV;ADJ;V.PTCP;PASS;ANIM;POS;PL;MASC	30
GEN;NUM;SG;{MASC/NEUT}	30
POS;PASS;PL;PFV;V.PTCP;MASC;ADJ;ANIM	30
PSSP;ACC;NEUT;DET;SG;1	30
IPFV;ACT;ANIM;PL;ADJ;MASC;V.PTCP;DAT;PRS;POS	30
IPFV;ACT;ANIM;INS;ADJ;MASC;V.PTCP;PRS;SG;POS	30
ACC;NEUT;DET;SG;POS	30
DET;FEM;INS;SG	30
NEG;ADJ;MASC;INAN;DAT;SG	30
PROPN;ANIM;POS;PL;INS;MASC	30
CMPR;ADJ;ESS;NEUT;SG;POS	29
POS;PL;INS;ADJ;NEUT	29
NOM;FEM;NUM;SG	29
IPFV;ACT;INS;ADJ;NEUT;V.PTCP;PRS;SG;POS	29
COND;V;SG;FIN;1	29
ADJ;SG;ANIM;POS;DAT;MASC	29
IPFV;ACT;PL;ADJ;ESS;MASC;V.PTCP;INAN;PRS;POS	29
FEM;ADJ;SG;NEG;ACC	29
POS;PASS;V.PTCP;IPFV;ADJ;NEUT;SG	29
IPFV;ACT;PL;INS;ADJ;MASC;V.PTCP;INAN;PRS;POS	29
{MASC/NEUT};PRO;INS;SG;3	29
DET;FEM;REFL;SG;INS	29
DET;DAT	29
PSSP;PL;INS;DET;1	28
ACT;2;FIN;IND;V;PRS;SG;POS	28
NEG;ADJ;FEM;SG;DAT	28
FEM;PRO;DAT;SG;3	28
NOM;NEUT;DET;SG;POS	28
{MASC/NEUT};PRO;ESS;SG;3	28
ANIM;ACC;ADJ;PL;RL;MASC;POS	28
NOM;PRO;1;SG	28
POS;PL;MASC;ADJ;ANIM	28
PSS;ANIM;PL;ADJ;MASC;GEN	28
DET;PL;ACC;MASC;INAN	28
IPFV;ACT;PL;INS;ADJ;V.PTCP;FEM;PRS;POS	28
POS;NOM;MASC;CMPR;ADJ;INAN;SG	28
FEM;NUM;SG;GEN	28
ESS;ADJ;SG;NEUT	28
ADJ;SG;INAN;NOM;MASC	27
ADJ;V.PTCP;INAN;NOM;POS;PL;PRS;ACT;MASC;IPFV	27
3;PRO;SG;NOM;MASC	27
V;ACT;NEG;PL;FIN;IND;PRS;1	27
ANIM;ACC;ADJ;RL;MASC;SG;POS	27
PSSS;DET;3;{MASC/NEUT};SG;NOM	27
ADJ;V.PTCP;PASS;ANIM;POS;PL;MASC	27
SG;N;POS	27
PFV;PST;V;NEG;{FEM/NEUT};V.PTCP;{PL/SG};ACT	27
2;IMP;FIN;V;SG;POS	27
IPFV;ACT;PL;ADJ;NOM;NEUT;V.PTCP;PRS;POS	27
DET;FEM;REFL;PL;ACC	27
PRO;2;PL;DAT	27
DET;ACC;NEUT;REFL;SG	27
ACC;MASC;INAN;NUM;SG	27
V;3;IPFV;ACT;PL;FIN;IND;PRS;POS	27
PSSP;DET;SG;NOM;1;MASC	27
PSS;FEM;ESS;ADJ;SG	27
ADJ;MASC;INAN;SG;POS	26
NEG;INS;ADJ;PL;MASC;INAN	26
FEM;ADJ;IPFV;V.PTCP;POS;PL;PRS;ACT;GEN	26
ACT;FIN;V;NEG;1;PL;PRS;IND;IPFV	26
V;ACT;ANIM;NEG;PL;MASC;V.PTCP;PST	26
3;{MASC/NEUT};PRO;SG;INS	26
ANIM;MASC;GEN;PRO	26
ANIM;NEG;ACC;ADJ;PL;MASC	26
PSSP;DET;1;GEN;SG;{MASC/NEUT}	26
DET;SG;NOM;ANIM;POS;MASC	26
PSS;ADJ;FEM;SG;DAT	26
NEG;N;NEUT;GEN;SG	26
PSS;FEM;ADJ;GEN;SG	26
DET;INS	26
IPFV;ACT;NEG;MASC;V;V.CVB;PRS;SG	26
PL;ADJ;RL;ESS;FEM;POS	26
DAT;INAN;PRO	26
ADJ;FEM;SG;DAT	25
PSSP;DET;NOM;1;{FEM/NEUT};SG	25
ANIM;ACC;MASC;PRO;SG	25
ADJ;SG;NOM;POS;CMPR;NEUT	25
PFV;PST;V;NEG;SG;V.PTCP;NEUT;ACT	25
POS;PROPN;DAT;NEUT;SG	25
PSSP;DET;NOM;1;MASC;SG	25
IPFV;NEG;2;PL;FIN;V;IMP	25
CMPR;PL;INS;ADJ;MASC;INAN;POS	25
ADJ;RL;ESS;MASC;INAN;SG;POS	25
ANIM;MASC;GEN;DET;SG;POS	25
INS;NUM;SG;{MASC/NEUT}	25
PSS;FEM;ADJ;SG;NOM	25
MASC;GEN;INAN;DET;SG;POS	25
POS;FEM;ACC;ADJ;SG;RL	25
DET;POS;NOM;MASC;ANIM;SG	25
PL;NEG;MASC;ADJ;GEN;INAN	24
IPFV;ACT;PL;ACC;ADJ;NEUT;V.PTCP;PRS;POS	24
{MASC/NEUT};NUM;SG;INS	24
PSS;MASC;ADJ;GEN;INAN;SG	24
N;FEM;SG;POS	24
ADJ;POS;PL;NEUT;INS	24
ADJ;PL;NEUT;GEN	24
POS;PROPN;ACC;MASC;INAN;SG	24
NEG;PL;ACC;ADJ;NEUT	24
PL;ADJ;RL;ESS;MASC;INAN;POS	24
POS;PRS;V.PTCP;NOM;IPFV;FEM;ACT;ADJ;SG	24
ADJ;V.PTCP;SG;PASS;POS;NEUT;IPFV	24
NEG;PL;INS;ADJ;FEM	24
POS;PRS;V.PTCP;IPFV;FEM;ACC;ACT;ADJ;SG	24
PSSP;2;NOM;{FEM/NEUT};DET;SG	24
V;ACT;2;PL;FIN;IND;FUT;POS	24
ESS;MASC;ADJ;INAN;SG	24
POS;PL;DAT;NEUT;N	23
V;ACT;NEG;PL;FIN;IND;FUT;1	23
POS;ACC;MASC;CMPR;ADJ;INAN;SG	23
ADJ;IPFV;V.PTCP;INAN;POS;PL;PRS;ACT;MASC;GEN	23
PSSP;DET;1;PL;GEN	23
PL;ACC;ADJ;FEM	23
ACC;{MASC/NEUT};PRO;SG	23
PSSP;DET;FEM;1;GEN;SG	23
3;FEM;PRO;SG;GEN	23
ADJ;INAN;RL;NOM;SG;POS;MASC	23
ANIM;NEG;INS;ADJ;MASC;SG	23
CMPR;PL;ADJ;MASC;INAN;DAT;POS	23
PL;PRO;GEN	23
3;PRO;PL;INS	23
PSSP;{MASC/NEUT};DET;DAT;SG;1	23
FEM;ADJ;SG;INS	23
FEM;INS;NUM;SG	23
CMPR;ADJ;MASC;INAN;DAT;SG;POS	23
PL;NOM;NUM;FEM	23
PRO;ESS;SG;{MASC/NEUT}	23
PSS;NOM;MASC;ADJ;INAN;SG	23
PFV;V.PTCP;V;NEG;ACT;PST;NEUT;SG	23
IPFV;ACT;PL;ADJ;ESS;NEUT;V.PTCP;PRS;POS	22
ADJ;INAN;RL;SG;POS;INS;MASC	22
FEM;ACC;NEG;ADJ;SG	22
PL;ADJ;GEN;NEUT	22
POS;PL;NOM;FEM;ADJ;CMPR	22
ESS;SG;N;ANIM;POS;MASC	22
DET;INAN;PL;ACC;MASC	22
{MASC/NEUT};NUM;SG;GEN	22
IPFV;ACT;ADJ;ESS;NEUT;V.PTCP;PRS;SG;POS	22
PSSP;DET;FEM;SG;1;GEN	22
PL;ADJ;RL;NEUT;GEN;POS	22
V.PTCP;V;IPFV;NEG;ACT;{PL/SG};PST;{FEM/NEUT}	22
PL;2;PRO;DAT	22
NOM;MASC;ADJ;ANIM;SG	22
FEM;ADJ;POS;PL;CMPR;ACC	22
IMP;FIN;V;POS;PL;1	22
IPFV;ACT;NEG;2;PL;FIN;IND;V;PRS	22
NEG;ACC;N;NEUT;SG	22
PL;PRO;INS;3	22
POS;PASS;PL;V.PTCP;MASC;ADJ;ANIM	22
{FEM/MASC};PST;V;INAN;NEG;V.PTCP;PL;ACT	22
ANIM;ADJ;RL;MASC;GEN;SG;POS	22
PSSP;2;NOM;MASC;DET;SG	22
NEG;NOM;N;NEUT;SG	22
POS;PRS;PL;V.PTCP;IPFV;ACT;MASC;ADJ;GEN;ANIM	22
POS;NOM;FEM;ADJ;SG;RL	22
ADJ;INAN;NEG;PL;MASC;GEN	21
POS;PRS;PL;V.PTCP;NOM;IPFV;ACT;MASC;ADJ;ANIM	21
PFV;ACT;FIN;V;2;POS;PL;PRS;IND	21
PL;INS;ADJ;RL;MASC;INAN;POS	21
ESS;ADJ;INAN;SG;MASC	21
FEM;ADJ;RL;SG;POS;INS	21
PRO;ESS;PL	21
PST;V.PTCP;V;SG;NEG;ACT;MASC	21
ADJ;V.PTCP;SG;NOM;ANIM;POS;PRS;ACT;MASC;IPFV	21
PL;ADJ;ESS;MASC;INAN	21
PSS;FEM;ACC;ADJ;SG	21
3;PFV;ACT;V;NEG;FIN;PL;PRS;IND	21
POS;PRS;V.PTCP;IPFV;FEM;ACT;ADJ;GEN;SG	21
POS;ESS;MASC;N;ANIM;SG	21
N;POS;PL;DAT;NEUT	21
NEG;ADJ;PL;ESS;MASC;INAN	21
ANIM;PL;ADJ;MASC;GEN	21
PRO;REFL;INS	21
DU;INS;ADJ;FEM;POS	20
PSSP;DET;FEM;1;SG;DAT	20
{MASC/NEUT};ESS;NUM;SG	20
DET;SG;ANIM;ACC;MASC	20
DU;INS;NUM;FEM	20
ADJ;SG;ACC;NEUT	20
POS;PRS;V.PTCP;NOM;IPFV;ACT;MASC;ADJ;INAN;SG	20
ADJ;INAN;SG;INS;MASC	20
ACT;FIN;V;SG;NEG;1;PRS;IND;IPFV	20
PSS;ADJ;INAN;SG;NOM;MASC	20
POS;PROPN;PL;MASC;GEN;INAN	20
IPFV;ACT;ADJ;MASC;V.PTCP;INAN;DAT;PRS;SG;POS	20
PRO;INS	20
NEG;INS;N;FEM;SG	20
ADJ;SG;NOM;ANIM;MASC	20
ADJ;INAN;RL;SG;POS;ACC;MASC	20
PSSS;INS;{MASC/NEUT};DET;SG;1	20
DET;PL;FEM;ACC;REFL	20
PRO;ESS;REFL	20
ADJ;NEUT;DAT;SG	20
FEM;ADJ;V.PTCP;NOM;POS;PL;PRS;ACT;IPFV	20
IPFV;ACT;ANIM;PL;INS;ADJ;MASC;V.PTCP;PRS;POS	20
3;NOM;NEUT;PRO;SG	20
CMPR;PL;ADJ;NOM;NEUT;POS	19
PL;PRO;ESS	19
FEM;ADJ;NEG;NOM;PL	19
PST;V.PTCP;V;NEG;{FEM/NEUT};{PL/SG};ACT	19
NUM;{MASC/NEUT};DAT;SG	19
V.PTCP;V;IPFV;NEG;ACT;PST;NEUT;SG	19
PFV;PST;V;NEG;V.PTCP;ANIM;PL;ACT;MASC	19
POS;PL;MASC;ADJ;GEN;INAN;RL	19
PL;NUM	19
POS;MASC;VOC;N;ANIM;SG	19
ADJ;RL;NEUT;GEN;SG;POS	19
ACC;PRO;MASC;ANIM	19
ADJ;{FEM/NEUT};{PL/SG};POS	19
PSSP;PL;NOM;MASC;INAN;DET;1	19
PSSS;3;{MASC/NEUT};DET;SG;DAT	19
CMPR;ANIM;ACC;ADJ;PL;MASC;POS	19
SG;PRO;GEN;{MASC/NEUT}	19
PSS;NOM;FEM;ADJ;SG	19
FEM;ADJ;NEG;PL;ACC	19
ANIM;NEG;ADJ;MASC;GEN;SG	19
ANIM;PL;MASC;N;POS	19
DET;PL;ESS;REFL	19
POS;PROPN;PL;NOM;MASC;INAN	19
PSS;ANIM;ADJ;MASC;GEN;SG	19
PL;INS;ADJ;RL;FEM;POS	19
NUM;FEM;SG;DAT	19
PSSS;PL;GEN;DET;1	19
NEG;ADJ;NEUT;DAT;SG	18
POS;PRS;V.PTCP;IPFV;ACC;ACT;MASC;ADJ;INAN;SG	18
PL;ADJ;NOM;MASC;INAN	18
NOM;PRO;MASC;SG;3	18
DET;PL;INS;REFL	18
ANIM;PL;INS;ADJ;RL;MASC;POS	18
INS;PRO;SG;1	18
PL;FEM;NEG;ADJ;GEN	18
PSSP;DET;{MASC/NEUT};ESS;SG;1	18
PRO;INS;INAN	18
IPFV;ACT;ADJ;NEUT;V.PTCP;DAT;PRS;SG;POS	18
POS;{PL/SG};ADJ;{FEM/NEUT}	18
POS;PRS;PL;PFV;V;2;FIN;IND;ACT	18
PL;ADJ;RL;MASC;INAN;DAT;POS	18
FEM;ADJ;NEG;PL;GEN	18
PL;PFV;V;V.PTCP;NEG;ACT;PST;MASC;ANIM	18
SG;N;POS;NEUT	18
PRS;PL;V;FIN;IPFV;IND;NEG;1;ACT	18
IPFV;ACT;ANIM;ADJ;MASC;V.PTCP;DAT;PRS;SG;POS	18
FEM;ADJ;RL;SG;POS;ACC	18
PSSP;2;GEN;{MASC/NEUT};DET;SG	18
FEM;GEN;NUM;SG	18
POS;PL;ESS;MASC;N;ANIM	18
PRO;ACC;REFL	18
FEM;ADJ;RL;POS;PL;GEN	18
ANIM;MASC;POS;PROPN;SG;VOC	18
3;FEM;PRO;ESS;SG	18
CMPR;PL;ADJ;ESS;MASC;INAN;POS	18
PROPN;ANIM;POS;PL;MASC	18
ADJ;MASC;INAN;DAT;SG	17
NEG;PL;ADJ;FEM;DAT	17
IPFV;ACT;PL;ADJ;POS;V.PTCP;FEM;PRS;DAT	17
PST;V;{FEM/NEUT};NEG;V.PTCP;{PL/SG};ACT;IPFV	17
REFL;PL;ACC;DET	17
IMP;FIN;2;V;POS;PL	17
DET;FEM;DAT;SG	17
POS;PRS;PL;V.PTCP;IPFV;ACC;ACT;MASC;ADJ;INAN	17
FEM;PRO;ESS;SG;3	17
FEM;NUM;SG;INS	17
PSSP;DET;FEM;ESS;SG;1	17
POS;PRS;PFV;V;FIN;IND;ACT;1;SG	17
PL;PRO;ESS;3	17
ADJ;INAN;SG;NEG;ACC;MASC	17
NEG;MASC;ADJ;GEN;INAN;SG	17
NEG;N;FEM;SG;DAT	17
NFIN;IPFV;V;NEG	17
PSSS;DET;PL;ACC;3	17
PFV;V.PTCP;V;NEG;ACT;{PL/SG};PST;{FEM/NEUT}	17
ADJ;RL;SG;NOM;POS;NEUT	17
PSSS;ESS;{MASC/NEUT};DET;SG;1	17
ADJ;INAN;NEG;PL;ACC;MASC	17
ANIM;ACC;ADJ;MASC;SG	17
CMPR;PL;ADJ;POS;FEM;DAT	17
PRO;INAN;INS	17
PRS;V;FIN;IPFV;IND;NEG;1;ACT;SG	17
PL;ESS;PRO;1	17
POS;PROPN;FEM;SG	17
INS;MASC;INAN;DET;SG;POS	17
IPFV;2;FIN;V;POS;SG;IMP	17
PSS;ACC;ADJ;PL;FEM	17
ADJ;INAN;SG;MASC;GEN	17
POS;NOM;MASC;ADJ;INAN;SG;RL	16
ADJ;ACT;V.PTCP;INAN;SG;POS;PRS;INS;MASC;IPFV	16
IMP;POS;PL;PFV;V;2;FIN	16
ANIM;NEG;ACC;ADJ;MASC;SG	16
POS;PROPN;DAT;MASC;INAN;SG	16
POS;PRS;PL;V.PTCP;IPFV;ACT;MASC;ADJ;GEN;INAN	16
POS;PL;FEM;ADJ;GEN;RL	16
PROPN;INAN;POS;PL;MASC;GEN	16
ADJ;SG;NEUT;GEN	16
ANIM;ADJ;MASC;DAT;SG	16
FEM;PRO;GEN;SG;3	16
FEM;ADJ;IPFV;V.PTCP;SG;POS;PRS;ACT;GEN	16
FEM;NEG;ADJ;GEN;SG	16
PL;V;FIN;IND;NEG;ACT;FUT;3	16
POS;PASS;PL;V.PTCP;IPFV;MASC;ADJ;ANIM	16
POS;PRS;V.PTCP;IPFV;ACT;INS;MASC;ADJ;INAN;SG	16
NUM;PL;DAT	16
FEM;ADJ;V.PTCP;POS;PL;ACC;PRS;ACT;IPFV	16
ADJ;SG;NEG;ACC;NEUT	16
DET;INAN;SG;POS;ACC;MASC	16
PSSS;NOM;DET;FEM;SG;1	16
FEM;INS;ADJ;SG	16
POS;INS;MASC;ADJ;INAN;SG;RL	16
IMP;FIN;V;2;POS;PL	16
ADJ;SG;NOM;NEUT	16
ACT;3;NEG;PL;FIN;IND;V;FUT	16
PROPN;INAN;SG;POS;MASC	16
POS;PRS;PL;V.PTCP;IPFV;FEM;ACT;ADJ;GEN	16
POS;PL;FEM;N	16
FEM;ADJ;NOM;POS;PL;CMPR	16
PRO;ESS	15
PL;NOM;NEUT;PROPN;POS	15
PL;ACC;NUM;FEM	15
{FEM/MASC};PFV;PST;V;INAN;NEG;V.PTCP;PL;ACT	15
ADJ;INAN;RL;POS;PL;MASC;GEN	15
POS;PL;FEM;ACC;CMPR;ADJ	15
PSSP;DET;PL;NOM;1;MASC;ANIM	15
NEG;ADJ;PASS;MASC;PFV;V.PTCP;SG	15
FEM;ADJ;SG;POS;CMPR;GEN	15
PSS;ESS;MASC;ADJ;INAN;SG	15
POS;PRS;V.PTCP;NOM;IPFV;ACT;MASC;ADJ;ANIM;SG	15
FEM;ESS;ADJ;SG;NEG	15
FEM;NEG;INS;ADJ;SG	15
CMPR;PL;INS;ADJ;FEM;POS	15
ADJ;V.PTCP;PASS;ANIM;POS;PL;MASC;IPFV	15
PSS;ADJ;INAN;SG;MASC;GEN	15
3;PRO;ESS;PL	15
PSSS;3;PL;INS;DET	15
PRO;REFL;GEN	15
ADJ;SG;NEG;NEUT;GEN	15
PRO;MASC;SG;NOM	15
NOM;NEG;MASC;ADJ;ANIM;SG	15
PL;ADJ;ESS;FEM	15
ANIM;PL;ADJ;RL;MASC;DAT;POS	15
PROPN;SG;POS;DAT;NEUT	15
DET;ESS;REFL;PL	15
ESS;ADJ;SG;ANIM;POS;MASC	15
ADJ;SG;NEG;NOM;ANIM;MASC	15
POS;PL;ACC;MASC;ADJ;INAN;RL	15
NUM;SG;NOM;NEUT	15
FEM;NEG;ESS;ADJ;SG	15
PRS;PL;PFV;V;FIN;IND;NEG;ACT;3	15
DET;FEM;INS;REFL;SG	15
DET;FEM;SG;NOM;POS	15
NOM;ADJ;NEUT;SG	15
PRO;INS;REFL	15
CMPR;PL;ACC;ADJ;NEUT;POS	15
ESS;NUM;SG;{MASC/NEUT}	15
POS;PROPN;ESS;MASC;ANIM;SG	15
PSSP;DET;INAN;SG;1;ACC;MASC	15
POS;PL;DAT;ADJ;NEUT	14
PL;FEM;ACC;NEG;ADJ	14
V;ACT;NEG;FIN;IND;FUT;SG;1	14
ESS;N;ANIM;POS;PL;MASC	14
ACC;PL;MASC;INAN;PROPN;POS	14
PSS;FEM;ADJ;SG;ACC	14
FEM;ADJ;POS;PL;CMPR;GEN	14
FEM;NEG;N;SG;ACC	14
PSSP;2;ESS;DET;FEM;SG	14
PSSS;ACC;MASC;INAN;DET;SG;1	14
PSSP;DET;ESS;1;PL	14
IMP;PFV;POS;FIN;V;1;PL	14
NEG;2;PL;FIN;V;IMP	14
PRO;PL;ACC	14
POS;ACC;MASC;ADJ;INAN;SG;RL	14
2;PL;INS;PRO	14
POS;PRS;PL;V.PTCP;NOM;IPFV;ACT;MASC;ADJ;INAN	14
3;PL;NOM;PRO;FEM	14
PSSP;2;GEN;DET;FEM;SG	14
FEM;ESS;ADJ;RL;SG;POS	14
PSSS;DET;3;{MASC/NEUT};SG;GEN	14
PST;V.PTCP;V;NEG;SG;NEUT;ACT	14
NEG;ADJ;PL;MASC;INAN;DAT	14
ADJ;RL;MASC;INAN;DAT;SG;POS	14
NUM;SG;INAN;ACC;MASC	14
PFV;POS;ACT;FIN;V;SG;1;PRS;IND	14
ADJ;SG;POS;CMPR;NEUT;ACC	14
PL;ACC;ADJ;RL;NEUT;POS	14
3;FEM;PRO;SG;INS	14
FEM;ADJ;ACT;V.PTCP;SG;POS;PRS;INS;IPFV	14
PRO;GEN	14
PRO;ANIM;ACC;MASC	14
INS;MASC;ADJ;INAN;SG	14
ESS;NUM;SG	14
PFV;V;NFIN;POS	14
ACT;NEG;FIN;IND;PFV;V;PRS;SG;1	14
PSS;ANIM;ACC;ADJ;MASC;SG	14
PL;ACC;MASC;PRO	14
FEM;ADJ;RL;SG;POS;GEN	14
NOM;SG;ADJ	14
PRO;ANIM;DAT;MASC	14
DET;REFL;PL;INS	13
CMPR;PL;ADJ;NEUT;GEN;POS	13
{FEM/MASC};PST;V.PTCP;V;NEG;INAN;PL;ACT	13
CMPR;NEG;ADV	13
NEG;ADJ;MASC;SG	13
DET;POS;ACC;MASC;INAN;SG	13
PL;NEG;MASC;ADJ;GEN;ANIM	13
DET;ACC;MASC;ANIM;SG	13
ADJ;INAN;NOM;POS;PL;CMPR;MASC	13
NOM;SG;PRO;MASC	13
PSS;INS;ADJ;NEUT;SG	13
PSS;ACC;ADJ;PL;MASC;INAN	13
POS;PL;FEM;ADJ;GEN;CMPR	13
3;FUT;ACT;V;NEG;FIN;PL;IND	13
ESS;PROPN;INAN;POS;PL;MASC	13
PROPN;ANIM;POS;PL;ACC;MASC	13
PSSS;DET;PL;NOM;3	13
DET;{MASC/NEUT};REFL;SG;DAT	13
DET;FEM;DAT;REFL;SG	13
PSS;PL;ADJ;NEUT;GEN	13
PSSP;PL;2;ACC;DET	13
DET;PL;DAT;REFL	13
PRO;2;PL;ACC	13
PL;NOM;NEUT;PRO	13
POS;ACC;CMPR;ADJ;NEUT;SG	13
FEM;ADJ;SG;NEG;GEN	13
POS;FEM;INS;ADJ;SG;RL	13
ADJ;POS;PL;DAT;NEUT	13
PL;NEUT;PROPN;POS	13
ESS;PRO;SG;1	13
V;ACT;2;FIN;IND;PRS;SG;POS	13
FEM;N;POS;PL	13
PSSS;DET;3;{MASC/NEUT};SG;INS	13
FEM;ADJ;SG;NEG;INS	13
PL;ACC;PRO;FEM	13
PROPN;INAN;NOM;POS;PL;MASC	13
IMP;POS;PL;V;FIN;1	13
ANIM;PL;MASC;N;POS;VOC	13
POS;PROPN;PL;INS;MASC;ANIM	13
FEM;ESS;ADJ;V.PTCP;SG;POS;PRS;ACT;IPFV	12
POS;PRS;PL;V.PTCP;NOM;IPFV;FEM;ACT;ADJ	12
IPFV;ACT;PL;ADJ;MASC;V.PTCP;INAN;DAT;PRS;POS	12
2;PRO;DAT;SG	12
PSSS;DET;NOM;1;MASC;SG	12
3;FEM;PRO;SG;NOM	12
2;ACC;PRO;SG	12
PL;V;2;FIN;COND	12
PSSS;DET;3;NOM;PL	12
POS;FEM;DAT;ADJ;CMPR;SG	12
ADJ;IPFV;V.PTCP;NEG;ANIM;PL;PRS;ACT;MASC;GEN	12
POS;NOM;MASC;ADJ;ANIM;SG;RL	12
NOM;NEUT;NUM;SG	12
PROPN;SG;POS;NEUT	12
PSSP;DET;FEM;SG;1;ACC	12
3;PRO;SG;ACC;NEUT	12
ACC;ADJ;PASS;V.PTCP;FEM;SG;POS	12
DET;ACC;MASC;ANIM;REFL;SG	12
ACC;NEG;MASC;ADJ;INAN;SG	12
PL;V.PTCP;V;IPFV;NEG;ACT;PST;MASC;ANIM	12
{FEM/MASC};ADJ;INAN;POS;PL	12
FEM;ESS;ADJ;SG;POS;CMPR	12
PRO;1;PL;INS	12
N;NEUT;SG;POS	12
ACC;MASC;INAN;PRO;SG	12
PRO;2;NOM;PL	12
PSS;PL;ADJ;ESS;FEM	12
PL;NUM;GEN;FEM	12
IMP;POS;FIN;V;1;PL;IPFV	12
POS;FEM;ADJ;GEN;CMPR;SG	12
PL;ACC;ADJ;NEUT	12
PL;ADJ;RL;ESS;NEUT;POS	12
PSSP;DET;ESS;1;SG;{MASC/NEUT}	12
PROPN;ANIM;POS;PL;DAT;MASC	12
PL;DAT;NUM	12
ACT;NEG;2;PL;FIN;IND;PFV;V;PRS	12
PL;V.PTCP;V;IPFV;NEG;{FEM/MASC};PST;ACT;INAN	12
PL;POS;FEM;PROPN;DAT	12
POS;PL;NOM;MASC;ADJ;CMPR;ANIM	12
ADJ;RL;SG;POS;ACC;NEUT	12
PRO;GEN;SG;{MASC/NEUT}	12
PSSS;3;PL;ESS;DET	12
ANIM;NEG;PL;ADJ;MASC	12
NEG;ESS;N;NEUT;SG	12
ADJ;RL;SG;NOM;ANIM;POS;MASC	12
FEM;PRO;SG;NOM	11
PSSP;DET;PL;ESS;1	11
PST;V;SG;NEG;V.PTCP;NEUT;ACT;IPFV	11
ADJ;V.PTCP;NOM;ANIM;POS;PL;PRS;ACT;MASC;IPFV	11
NEG;ESS;MASC;ADJ;INAN;SG	11
PSSP;ACC;2;DET;FEM;SG	11
PRO;PL;INS	11
INS;NUM;SG	11
IMP;POS;PL;PFV;V;FIN;1	11
POS;FEM;ESS;ADJ;SG;RL	11
PSSS;DET;3;GEN;SG;{MASC/NEUT}	11
NUM;SG;ANIM;ACC;MASC	11
NEG;INS;MASC;ADJ;INAN;SG	11
POS;PROPN;PL;MASC;ANIM	11
PSS;ADJ;MASC;INAN;DAT;SG	11
FEM;PRO;SG;GEN	11
PSS;PL;MASC;ADJ;GEN;INAN	11
PL;ADJ;NOM;NEUT	11
PRO;INAN;ESS	11
DET;REFL;PL;ACC;NEUT	11
FEM;DU;N;POS;INS	11
ACT;2;FIN;IND;PFV;V;PRS;SG;POS	11
V;3;IMP;FIN;SG;POS	11
PL;ADJ;RL;NEUT;DAT;POS	11
POS;INS;MASC;ADJ;ANIM;SG;RL	11
ANIM;NEG;INS;ADJ;PL;MASC	11
IPFV;ACT;V;{FEM/NEUT};V.CVB;PRS;SG;POS	11
DET;REFL;SG;ANIM;ACC;MASC	11
ADJ;INAN;RL;POS;PL;ACC;MASC	11
ADJ;NOM;ANIM;POS;PL;CMPR;MASC	11
CMPR;ADJ;INAN;POS;PL;ACC;MASC	11
PSSP;DET;ACC;1;MASC;INAN;SG	11
INAN;N;NOM;SG;POS;MASC	11
ADJ;INAN;SG;NEG;INS;MASC	11
ADJ;INAN;SG;NEG;MASC;GEN	11
PL;ACC;NEG;MASC;ADJ;INAN	11
PST;V;NEG;V.PTCP;ANIM;PL;ACT;MASC;IPFV	11
CMPR;PL;ADJ;ESS;NEUT;POS	11
PRO;PL;DAT	11
PRO;DAT	11
IPFV;ACT;PL;V;V.CVB;PRS;POS	11
PSSP;DET;NOM;ANIM;1;PL;MASC	11
DET;REFL;PL;DAT	11
FEM;ESS;ADJ;V.PTCP;POS;PL;PRS;ACT;IPFV	10
POS;PROPN;PL;ESS;MASC;INAN	10
PSSS;DET;PL;1;GEN	10
IMP;POS;PL;V;2;FIN	10
IPFV;ACT;NEG;ADJ;NOM;V.PTCP;FEM;PRS;SG	10
FEM;ACC;NEG;N;SG	10
FEM;ADJ;RL;NOM;POS;PL	10
PSSS;DET;ACC;NEUT;SG;3	10
PSSP;DET;FEM;ESS;1;SG	10
DET;FEM;REFL;SG;DAT	10
POS;FEM;INS;ADJ;CMPR;SG	10
POS;INS;ADJ;NEUT;SG;RL	10
GEN;PL;PRO	10
PRS;ADJ;V.PTCP;SG;POS;ACC;NEUT;ACT;IPFV	10
ADJ;IPFV;V.PTCP;ANIM;POS;PL;PRS;ACT;MASC;GEN	10
PL;NOM;NEG;MASC;ADJ;INAN	10
ADJ;RL;SG;POS;NEUT;INS	10
INAN;N;MASC;POS	10
FEM;NEG;N;NOM;SG	10
PSS;ADJ;INAN;SG;ACC;MASC	10
POS;PROPN;FEM;DAT;SG	10
ACC;NEG;ADJ;NEUT;SG	10
POS;PROPN;PL;ACC;MASC;ANIM	10
{MASC/NEUT};PRO;SG;INS	10
ADJ;V.PTCP;INAN;POS;PL;ACC;PRS;ACT;MASC;IPFV	10
PSSP;DET;1;PL;ACC	10
POS;PROPN;NEUT;SG	10
POS;V;FIN;IND;ACT;1;FUT;SG	10
ACT;V;NEG;2;FIN;PL;PRS;IND	10
POS;PRS;PL;V.PTCP;IPFV;ACT;INS;MASC;ADJ;INAN	10
PL;PFV;V;V.PTCP;NEG;{FEM/MASC};PST;ACT;INAN	10
ANIM;ADJ;MASC;POS;SG;VOC	10
DET;ESS;INAN;SG;POS;MASC	10
ACT;FIN;V;NEG;SG;1;PRS;IND	10
DET;ANIM;PL;ACC;MASC	10
PSS;ADJ;SG;NOM;ANIM;MASC	10
FEM;PRO;GEN;SG	10
POS;PL;NOM;MASC;CMPR;ADJ;INAN	10
FEM;ADJ;RL;POS;PL;ACC	10
POS;NOM;ADJ;NEUT;SG;RL	10
ADJ;INAN;NEG;NOM;PL;MASC	10
PSSP;DET;{MASC/NEUT};SG;1;INS	10
V;NEG;NFIN	10
PSSS;ACC;DET;FEM;SG;1	10
ANIM;PL;ESS;MASC;PROPN;POS	10
FEM;NEG;GEN;N;SG	10
PSSS;INS;DET;FEM;SG;1	10
PSSS;DET;INS;3;SG;{MASC/NEUT}	10
PSSS;DET;3;SG;ACC;NEUT	10
3;PRO;NOM;ANIM;PL;MASC	10
ADJ;IPFV;V.PTCP;INAN;SG;POS;PRS;ACT;MASC;GEN	10
PROPN;INAN;SG;POS;DAT;MASC	10
PL;NOM;NEG;MASC;ADJ;ANIM	10
V.CVB;V;SG;POS;PRS;ACT;MASC;IPFV	10
ANIM;PL;ACC;ADJ;MASC	9
POS;FEM;ESS;ADJ;CMPR;SG	9
PL;PRO;INS	9
POS;PRS;V.PTCP;NOM;IPFV;ACT;ADJ;NEUT;SG	9
POS;PL;MASC;ADJ;GEN;ANIM;RL	9
ESS;NEUT;DET;SG;POS	9
ESS;ADJ;INAN;SG;POS;CMPR;MASC	9
IPFV;ACT;2;FIN;IND;V;PRS;SG;POS	9
POS;V;IPFV;NFIN	9
PSSP;DET;SG;1;ACC;NEUT	9
PSSP;2;PL;GEN;DET	9
ADJ;MASC;INAN;POS	9
NOM;FEM;NEG;N;SG	9
PSS;ESS;ADJ;INAN;SG;MASC	9
PRO;2;PL;GEN	9
POS;PL;MASC;CMPR;ADJ;GEN;INAN	9
DET;POS;NOM;FEM;SG	9
PSS;ADJ;SG;NOM;NEUT	9
POS;FEM;ADJ;GEN;SG;RL	9
PRO;GEN;INAN	9
POS;PRS;V.PTCP;IPFV;FEM;ACT;INS;ADJ;SG	9
PSS;NOM;ADJ;NEUT;SG	9
PSSS;DET;3;INAN;SG;ACC;MASC	9
DET;FEM;SG;POS;ACC	9
PL;NOM;FEM;ADJ	9
IMP;FIN;V;SG;2;POS	9
PRO;SG;1;GEN	9
POS;MASC;ADJ;GEN;INAN;SG;RL	9
NEG;N;NEUT;DAT;SG	9
POS;ADJ;GEN;NEUT;CMPR;SG	9
PRO;ESS;INAN	9
FEM;ACC;PRO;SG	9
IMP;PFV;FIN;V;2;POS;PL	9
PSS;ADJ;SG;ACC;NEUT	9
FUT;ACT;FIN;V;SG;POS;1;IND	9
PSSS;DET;1;GEN;SG;{MASC/NEUT}	9
IPFV;NEG;PL;IMP;FIN;V;1	9
FEM;ADJ;SG;POS;CMPR;INS	9
ANIM;PL;NOM;MASC;PRO	9
POS;PRS;PL;V.PTCP;IPFV;FEM;ACT;ESS;ADJ	9
PL;NOM;MASC;ADJ;INAN	9
ANIM;ADJ;MASC;SG;POS	9
PSSP;DET;FEM;ACC;1;SG	9
V;3;IPFV;ACT;NEG;FIN;IND;PRS;SG	9
PSSP;PL;2;NOM;MASC;INAN;DET	9
PSSS;PL;NOM;MASC;INAN;DET;1	9
POS;PRS;V.PTCP;IPFV;FEM;ACT;ESS;ADJ;SG	9
FEM;ADJ;NOM;PL	9
PSS;ACC;MASC;ADJ;INAN;SG	9
PSS;ADJ;NOM;ANIM;PL;MASC	9
ACT;PL;FIN;IND;V;FUT;1;POS	9
PSSS;3;PL;DET;DAT	9
POS;ACC;ADJ;NEUT;SG;RL	9
3;ACC;MASC;PRO;SG	9
{MASC/NEUT};PRO;SG;DAT	9
IPFV;V;NFIN;POS	9
3;IMP;FIN;V;SG;POS	8
ANIM;CMPR;INS;ADJ;MASC;SG;POS	8
{FEM/MASC};PST;V;INAN;NEG;V.PTCP;PL;ACT;IPFV	8
SG;PRO;DAT;{MASC/NEUT}	8
PSS;ADJ;NEUT;DAT;SG	8
NUM;SG;ACC;NEUT	8
ADJ;RL;SG;ANIM;POS;INS;MASC	8
POS;PL;NOM;MASC;ADJ;INAN;RL	8
NOM;FEM;SG;PRO	8
ADJ;RL;NOM;ANIM;POS;PL;MASC	8
PRO;DAT;MASC;ANIM	8
PSS;NOM;MASC;ADJ;ANIM;SG	8
NEG;PL;ADJ;PASS;{FEM/MASC};PFV;V.PTCP;INAN	8
COND;2;V;FIN;PL	8
ANIM;PL;ADJ;MASC;DAT	8
ESS;ADJ;PL;NEUT	8
ACC;NEUT;NUM;SG	8
POS;PROPN;PL;DAT;MASC;ANIM	8
PSSS;DET;PL;GEN;3	8
PSSS;NOM;NEUT;DET;SG;1	8
POS;ESS;MASC;ADJ;CMPR;INAN;SG	8
DET;POS;FEM;ACC;SG	8
PSS;ANIM;INS;ADJ;MASC;SG	8
POS;PRS;V.PTCP;IPFV;ACC;ACT;ADJ;NEUT;SG	8
FEM;PRO;SG;INS	8
ADJ;INAN;RL;SG;POS;MASC;GEN	8
IPFV;ACT;NEG;ADJ;NOM;MASC;V.PTCP;INAN;PRS;SG	8
NEG;PL;IMP;FIN;V;1	8
V;ACT;NEG;2;PL;FIN;IND;PRS	8
V;ACT;NEG;2;PL;FIN;IND;FUT	8
NEG;INS;N;NEUT;SG	8
PSSS;DET;DAT;3;SG;{MASC/NEUT}	8
ACT;FIN;V;SG;2;POS;PRS;IND	8
PL;NOM;FEM;PRO	8
ADJ;NEG;NOM;ANIM;PL;MASC	8
ANIM;CMPR;PL;INS;ADJ;MASC;POS	8
FUT;ACT;FIN;V;NEG;1;PL;IND	8
FEM;ADJ;ACT;V.PTCP;POS;PL;PRS;INS;IPFV	8
DET;POS;MASC;GEN;ANIM;SG	8
ESS;ADJ;V.PTCP;INAN;SG;POS;PRS;ACT;MASC;IPFV	8
PSSS;DET;3;PL;GEN	8
POS;PL;FEM;DAT;ADJ;RL	8
2;NOM;PRO;SG	8
PSS;ADJ;GEN;NEUT;SG	8
DET;POS;ESS;MASC;INAN;SG	8
PSSS;DET;ESS;3;SG;{MASC/NEUT}	8
FEM;ADJ;SG;POS;DAT;CMPR	8
CMPR;ANIM;ACC;ADJ;MASC;SG;POS	8
DET;DAT;REFL;SG;{MASC/NEUT}	8
NEG;PL;ACC;N;FEM	8
POS;PL;FEM;ACC;ADJ;RL	8
ADJ;RL;SG;ANIM;POS;ACC;MASC	7
NFIN;V;NEG	7
NEG;ADJ;GEN;NEUT;SG	7
DET;SG;ANIM;POS;MASC;GEN	7
PL;N;NEUT;POS	7
PSSS;DET;3;{MASC/NEUT};ESS;SG	7
PROPN;SG;ANIM;VOC;POS;MASC	7
ADV;CMPR;NEG	7
NEG;PL;INS;ADJ;NEUT	7
ANIM;INS;MASC;DET;SG;POS	7
IMP;POS;PFV;V;2;FIN;SG	7
PSSS;ACC;NEUT;DET;SG;1	7
3;MASC;GEN;PRO;SG	7
FEM;POS;PROPN;SG;ACC	7
3;NEUT;PRO;SG	7
ADJ;SG;POS;CMPR;NEUT;INS	7
PL;INS;ADJ;FEM	7
PL;NOM;FEM;NEG;ADJ	7
POS;PL;ACC;MASC;CMPR;ADJ;INAN	7
POS;PRS;V.PTCP;IPFV;ACT;INS;MASC;ADJ;ANIM;SG	7
{PL/SG};NEG;ADJ;PASS;V.PTCP;{FEM/NEUT}	7
PSSS;DET;3;{MASC/NEUT};SG;DAT	7
ADJ;INAN;SG;POS;CMPR;MASC;GEN	7
PSSS;DET;ACC;SG;MASC;INAN;3	7
PSS;FEM;ADJ;SG;INS	7
ADJ;RL;NEUT;DAT;SG;POS	7
ESS;ADJ;INAN;RL;SG;POS;MASC	7
PRS;ADJ;IPFV;V.PTCP;SG;POS;NEUT;ACT;GEN	7
PSSS;DET;3;PL;ACC	7
PROPN;SG;ANIM;POS;MASC	7
PSS;PL;ADJ;NOM;NEUT	7
FEM;PRO;INS;SG;3	7
PSSS;ANIM;PL;NOM;MASC;DET;1	7
DET;INAN;SG;NOM;POS;MASC	7
NEG;PL;ADJ;PASS;{FEM/MASC};V.PTCP;INAN	7
DET;POS;MASC;GEN;INAN;SG	7
PSS;ESS;ADJ;SG;NEUT	7
ADJ;INAN;POS;PL;DAT;CMPR;MASC	7
ANIM;NEG;ADJ;PL;MASC;DAT	7
FEM;SG;N;POS	7
PRO;ESS;SG;1	7
ANIM;CMPR;PL;ADJ;MASC;DAT;POS	7
ADJ;FEM;POS	7
ADJ;RL;POS;FEM;SG;DAT	7
N;ANIM;POS;PL;MASC	7
COND;FIN;V	7
PSS;PL;ADJ;NEUT;DAT	7
PL;ESS;ADJ;NEUT	7
POS;PRS;PL;V.PTCP;IPFV;FEM;ACC;ACT;ADJ	7
ANIM;ADJ;PL;MASC;POS;VOC	7
2;PL;ESS;PRO	7
ADJ;NEG;ANIM;PL;MASC;GEN	7
FEM;ESS;ADJ;NEG;PL	7
PL;NOM;PRO;MASC;ANIM;3	7
PRS;ADJ;V.PTCP;SG;NOM;POS;NEUT;ACT;IPFV	7
ADJ;INAN;POS;PL;CMPR;MASC;GEN	7
ANIM;CMPR;ADJ;MASC;GEN;SG;POS	7
PSSP;DET;1;INS;SG;{MASC/NEUT}	7
PSSP;DET;PL;NOM;1;{FEM/NEUT}	7
PSSP;DET;PL;ACC;1	7
FEM;ESS;ADJ;POS;PL;CMPR	7
IMP;POS;PL;V;FIN;IPFV;1	7
POS;PL;ACC;MASC;ADJ;ANIM;RL	7
ADJ;NOM;PL;FEM;POS	7
POS;PL;V;2;FIN;IND;ACT;FUT	6
PSS;FEM;INS;ADJ;SG	6
PSSP;ACC;2;NEUT;DET;SG	6
ESS;ADJ;V.PTCP;INAN;POS;PL;PRS;ACT;MASC;IPFV	6
PRO;1;INS;SG	6
PSSS;DET;FEM;1;SG;DAT	6
NEG;2;FIN;V;SG;IMP	6
NEG;ADJ;NEUT;SG	6
PSSP;DET;2;{FEM/NEUT};SG;NOM	6
FEM;ESS;ADJ;PL	6
PSSP;DET;1;PL;INS	6
POS;NOM;MASC;ADJ;CMPR;ANIM;SG	6
PRO;ESS;1;PL	6
PL;NEG;DAT;MASC;ADJ;INAN	6
POS;PL;NOM;MASC;ADJ;ANIM;RL	6
PSSS;DET;{MASC/NEUT};SG;1;GEN	6
DET;SG;POS;ACC;NEUT	6
SG;N;ANIM;VOC;POS;MASC	6
POS;PRS;PL;V.PTCP;IPFV;ACT;DAT;MASC;ADJ;ANIM	6
PSSP;DET;2;SG;NOM;MASC	6
REFL;NOM;MASC;DET;SG	6
CMPR;PL;ADJ;NEUT;DAT;POS	6
ANIM;PL;INS;ADJ;MASC	6
ADJ;SG;NEG;NEUT;INS	6
PSSP;ANIM;ACC;MASC;DET;SG;1	6
PSSP;ACC;2;MASC;INAN;DET;SG	6
PL;ADJ;NOM;RL;NEUT;POS	6
FEM;NEG;INS;N;SG	6
PSSP;2;ESS;{MASC/NEUT};DET;SG	6
V;ACT;2;FIN;IND;FUT;SG;POS	6
IPFV;ACT;ANIM;NEG;PL;ADJ;NOM;MASC;V.PTCP;PRS	6
POS;PL;NOM;ADJ;CMPR;NEUT	6
ADJ;V.PTCP;ANIM;POS;PL;ACC;PRS;ACT;MASC;IPFV	6
PL;INS;MASC;ADJ;INAN	6
PL;ACC;ADJ	6
PRO;ESS;FEM;SG	6
POS;PRS;V.PTCP;IPFV;ACT;ADJ;GEN;NEUT;SG	6
POS;PL;ESS;MASC;ADJ;INAN;RL	6
POS;FEM;ADJ;SG	6
PSS;ADJ;INAN;SG;INS;MASC	6
PRO;INAN;NOM;PL;MASC	6
ACC;MASC;ADJ;ANIM;SG	6
POS;FEM;INS;N;DU	6
ADJ;INAN;RL;NOM;POS;PL;MASC	6
PSS;ANIM;ACC;ADJ;PL;MASC	6
FEM;ADJ;SG;DAT	6
ADJ;RL;NOM;POS;PL;NEUT	6
POS;PROPN;INAN;SG;ACC;MASC	6
ADJ;INAN;SG;DAT;MASC	6
PRS;ADJ;IPFV;V.PTCP;POS;PL;NEUT;ACT;GEN	6
ESS;ADJ;RL;SG;POS;NEUT	6
PSSS;PL;NOM;DET;FEM;1	6
ADJ;RL;ANIM;POS;PL;MASC;GEN	6
POS;ESS;MASC;ADJ;ANIM;SG	6
PSS;FEM;ADJ;PL;GEN	6
ACC;PRO;NEUT;SG;3	6
PSSS;GEN;DET;FEM;SG;1	6
POS;PL;ESS;MASC;ADJ;ANIM	6
PSS;ADJ;ANIM;PL;MASC;GEN	6
PL;ESS;NUM;FEM	6
NEG;ADJ;PASS;NEUT;V.PTCP;SG	6
PSSS;{MASC/NEUT};DET;DAT;SG;1	6
FEM;PRO;NOM;PL	6
ANIM;ADJ;RL;MASC;DAT;SG;POS	6
NEG;PL;ADJ;NEUT;DAT	6
ADJ;PL;NOM;FEM;POS	6
PSS;PL;ESS;MASC;ADJ;INAN	6
FEM;PRO;INS;SG	6
{PL/SG};NEG;ADJ;PASS;PFV;V.PTCP;{FEM/NEUT}	6
ANIM;NEG;ADJ;MASC;DAT;SG	6
PROPN;SG;POS	6
PL;ADJ;FEM;DAT	6
DET;PL;ACC;MASC;ANIM	6
PSS;ACC;ADJ;PL;NEUT	6
IPFV;ACT;ANIM;NEG;ACC;ADJ;PL;MASC;V.PTCP;PRS	6
V;POS;NFIN	6
POS;PRS;PL;V.PTCP;IPFV;ACC;ACT;MASC;ADJ;ANIM	6
POS;PRS;V.PTCP;IPFV;ACT;MASC;ADJ;GEN;INAN;SG	6
ACT;FIN;IND;V;FUT;1;SG;POS	6
3;FUT;ACT;V;SG;NEG;FIN;IND	6
PFV;ACT;FIN;V;NEG;1;PL;PRS;IND	6
PSSS;DET;INAN;SG;1;ACC;MASC	6
DET;POS;NOM;MASC;INAN;SG	6
IMP;PL;V;2;FIN;NEG	6
PSS;ADJ;INAN;NOM;PL;MASC	6
ADJ;SG;POS;CMPR;NEUT;GEN	6
V;IPFV;ACT;MASC;V.PTCP;PST;SG;POS	6
PRS;PFV;V;FIN;IND;NEG;1;ACT;SG	6
IPFV;ACT;NEG;ADJ;NOM;NEUT;V.PTCP;PRS;SG	6
POS;CMPR;ADJ	6
PSSS;DET;{FEM/NEUT};SG;NOM;1	5
ADJ;RL;ANIM;POS;PL;ACC;MASC	5
PL;FEM;ESS;ADJ	5
FEM;NEG;N;SG;GEN	5
NEG;ADJ;PASS;MASC;V.PTCP;SG	5
PSS;ESS;ADJ;NEUT;SG	5
NEUT;GEN;DET;SG;POS	5
V;IPFV;ACT;NEUT;V.PTCP;PST;SG;POS	5
NEG;ADJ;PASS;PFV;NEUT;V.PTCP;SG	5
PSS;PL;FEM;ADJ;GEN	5
POS;PRS;V;IPFV;ACT;V.CVB;MASC;SG	5
PSS;PL;INS;ADJ;FEM	5
DET;POS;ACC;MASC;ANIM;SG	5
PSSS;PL;ACC;MASC;DET;1	5
PRO;DAT;INAN	5
PSSP;DET;2;ACC;MASC;INAN;SG	5
FEM;DU;NUM;INS	5
PL;ADJ;MASC;INAN;DAT	5
NOM;SG;PRO;NEUT	5
PSSS;3;ANIM;ACC;MASC;DET;SG	5
FEM;PRO;SG;ACC	5
ADJ;INAN;PL;ACC;MASC	5
N;FEM;SG;VOC;POS	5
ESS;ADJ;INAN;NEG;PL;MASC	5
IMP;POS;V;2;FIN;IPFV;SG	5
POS;ACC;MASC;ADJ;ANIM;SG;RL	5
POS;PRS;PL;V.PTCP;IPFV;ACT;ESS;MASC;ADJ;INAN	5
PL;FEM;NEG;INS;ADJ	5
POS;INS;ADJ;CMPR;NEUT;SG	5
MASC;N;POS;INAN;SG;VOC	5
PSSP;DET;2;ESS;SG;{MASC/NEUT}	5
PSSP;DET;NOM;2;MASC;SG	5
PSSP;2;INS;DET;FEM;SG	5
2;FIN;V;POS;SG;IMP	5
POS;PL;PROPN;MASC;ANIM	5
POS;PRS;PL;V.PTCP;IPFV;ACT;ADJ;GEN;NEUT	5
POS;ESS;ADJ;CMPR;NEUT;SG	5
ACC;ADJ;PASS;PFV;V.PTCP;FEM;SG;POS	5
PL;ACC;MASC;ADJ;INAN	5
ADJ;NEG;ANIM;PL;ACC;MASC	5
PL;V;FIN;IND;NEG;1;ACT;FUT	5
FEM;ADJ;V.PTCP;SG;POS;DAT;PRS;ACT;IPFV	5
ADJ;NOM;ANIM;PL;MASC	5
POS;PRS;V.PTCP;IPFV;FEM;ACT;DAT;ADJ;SG	5
PL;PRO;1;INS	5
NUM;SG	5
PSSP;DET;FEM;1;INS;SG	5
ACT;NEG;FIN;IND;V;FUT;SG;1	5
PSS;ADJ;INAN;PL;MASC;GEN	5
GEN;NEUT;PROPN;SG;POS	5
POS;MASC;CMPR;ADJ;GEN;INAN;SG	5
NEG;MASC;ADJ;GEN;ANIM;SG	5
FEM;ADJ;PL;ACC	5
PSSS;DET;NOM;{FEM/NEUT};1;SG	5
FUT;ACT;FIN;2;V;POS;PL;IND	5
IMP;PL;V;2;FIN;IPFV;NEG	5
DET;FEM;SG;POS;DAT	5
ADJ;NEG;NOM;PL;NEUT	5
V;NEG;NFIN;IPFV	5
POS;INS;MASC;CMPR;ADJ;INAN;SG	5
PSSP;DET;1;PL;DAT	5
ADJ;SG;POS;DAT;CMPR;NEUT	5
POS;DET;FEM;SG;DAT	5
PSSP;DET;FEM;2;SG;GEN	5
NEG;ESS;ADJ;NEUT;SG	5
PSS;PL;NOM;MASC;ADJ;INAN	5
POS;PRS;V.PTCP;IPFV;ACT;INS;ADJ;NEUT;SG	5
FEM;NEG;N;NOM;PL	5
PL;2;PRO;INS	5
PRS;PL;V;2;FIN;IPFV;IND;NEG;ACT	5
ADJ;SG;NOM;ANIM;POS;CMPR;MASC	5
FEM;ADJ;RL;POS;PL;DAT	5
FEM;ADJ;SG;POS	5
PSS;FEM;ADJ;NOM;PL	5
ADJ;INAN;SG;POS;DAT;CMPR;MASC	5
PST;V.PTCP;V;NEG;ANIM;PL;ACT;MASC	5
NOM;NEG;NEUT;N;SG	5
ADJ;V.PTCP;ANIM;POS;PL;DAT;PRS;ACT;MASC;IPFV	5
FEM;ADJ;PL;GEN	5
FEM;ESS;ADJ;RL;POS;PL	5
FEM;NEG;ESS;N;SG	5
INAN;N;POS;PL;MASC	5
PSSS;PL;ESS;DET;1	5
PRO;DAT;SG;{MASC/NEUT}	5
IPFV;NEG;ADJ;PASS;MASC;V.PTCP;SG	5
PSS;ADJ;SG;NEUT;GEN	5
IPFV;ACT;PL;INS;ADJ;NEUT;V.PTCP;PRS;POS	5
FEM;PROPN;POS;PL;INS	5
ADJ;INAN;SG;POS;CMPR;INS;MASC	5
V;IPFV;ACT;PL;{FEM/MASC};V.PTCP;PST;INAN;POS	5
PRS;PL;PFV;V;FIN;IND;NEG;1;ACT	5
PL;N;POS	5
FEM;ADJ;SG;NEG;DAT	5
PL;NEG;INS;MASC;ADJ;INAN	5
ESS;ADJ;INAN;PL;MASC	5
POS;PL;DAT;MASC;ADJ;CMPR;INAN	5
POS;PL;MASC;INAN;N	5
V;IPFV;{PL/SG};ACT;V.PTCP;PST;{FEM/NEUT};POS	5
PSSS;DET;SG;NOM;1;MASC	5
PSS;ADJ;PL;ACC;NEUT	5
PL;PRO;1	4
PSSS;DET;3;PL;INS	4
POS;PL;MASC;N;ANIM	4
POS;ADJ;GEN;NEUT;SG;RL	4
PSSS;DET;ESS;1;SG;{MASC/NEUT}	4
IPFV;ACT;NEG;ACC;ADJ;MASC;V.PTCP;INAN;PRS;SG	4
PRO;INS;MASC;ANIM	4
DET;FEM;ESS;SG;POS	4
3;PL;NOM;MASC;INAN;PRO	4
PL;NOM;FEM;NUM	4
NEG;MASC;ADJ;SG	4
PSSP;DET;{MASC/NEUT};ESS;2;SG	4
PSSP;DET;INAN;NOM;1;PL;MASC	4
FEM;NUM;SG;DAT	4
PSSP;DET;2;PL;INS	4
ADJ;IPFV;V.PTCP;SG;ANIM;POS;PRS;ACT;MASC;GEN	4
ADJ;POS;FEM;SG;VOC	4
POS;PFV;V;NFIN	4
NEG;PL;N;GEN;FEM	4
PRO;SG;ACC;NEUT	4
POS;ACC;MASC;CMPR;ADJ;ANIM;SG	4
ADJ;RL;SG;ANIM;POS;MASC;GEN	4
ACT;ANIM;ADJ;MASC;PFV;GEN;PST;V.PTCP;SG;POS	4
PSS;DAT;ADJ;NEUT;SG	4
ANIM;NEG;PL;ADJ;PASS;MASC;PFV;V.PTCP	4
PL;PROPN;POS	4
POS;PL;MASC;ADJ;GEN;CMPR;ANIM	4
POS;PL;NOM;FEM;ADJ;RL	4
PSS;ANIM;ADJ;MASC;DAT;SG	4
POS;DAT;MASC;ADJ;CMPR;INAN;SG	4
POS;PL;FEM;DAT;ADJ;CMPR	4
INS;MASC;ADJ;ANIM;SG	4
ADJ;INAN;NOM;PL;MASC	4
ANIM;ESS;MASC;DET;SG;POS	4
ACT;2;PL;FIN;IND;V;FUT;POS	4
INS;NEUT;DET;SG;POS	4
POS;PROPN;MASC;INAN;SG	4
PRS;ADJ;V.PTCP;POS;PL;ACC;NEUT;ACT;IPFV	4
IPFV;ACT;NEG;PL;ADJ;NOM;MASC;V.PTCP;INAN;PRS	4
PSSP;PL;2;NOM;{FEM/NEUT};DET	4
PSS;FEM;ADJ;SG;DAT	4
FEM;DAT;ADJ;SG	4
PSS;PL;NOM;MASC;ADJ;ANIM	4
ADJ;NEG;PL;NEUT;GEN	4
DET;POS;FEM;ESS;SG	4
ACC;PL;MASC;N;INAN;POS	4
MASC;ADJ;GEN;ANIM;SG	4
ANIM;CMPR;ADJ;MASC;DAT;SG;POS	4
ACT;FIN;V;SG;2;POS;PRS;IND;IPFV	4
ACT;FIN;IND;V;POS;PRS;SG;1	4
PSS;ANIM;ADJ;ESS;MASC;SG	4
PL;FEM;ADJ;GEN	4
DET;POS;DAT;MASC;ANIM;SG	4
DET;POS;ACC;NEUT;SG	4
PL;INS;MASC;INAN;PROPN;POS	4
PL;NEUT;GEN;PROPN;POS	4
POS;PRS;V.PTCP;IPFV;ACC;ACT;MASC;ADJ;ANIM;SG	4
ANIM;NEG;ADJ;ESS;MASC;SG	4
ADJ;SG;DAT;NEUT	4
IMP;POS;PL;V;2;FIN;IPFV	4
ACC;MASC;NUM;ANIM;SG	4
COND;FIN;V;SG;1	4
PSSS;ESS;DET;FEM;SG;1	4
PL;FEM;NEG;ESS;ADJ	4
PSSP;DET;{MASC/NEUT};SG;1;DAT	4
PRS;V;IPFV;NEG;ACT;V.CVB;MASC;SG	4
POS;PL;INS;MASC;ADJ;INAN;RL	4
ACT;FIN;IND;V;PRS;POS	4
PRS;ESS;ADJ;V.PTCP;SG;POS;NEUT;ACT;IPFV	4
DET;REFL;PL;ACC	4
IPFV;ACT;NEG;ADJ;V.PTCP;FEM;PRS;SG;DAT	4
ADJ;RL;SG;POS;NEUT;GEN	4
POS;PL;INS;MASC;CMPR;ADJ;INAN	4
ACT;V;2;NEG;FIN;PL;PRS;IND;IPFV	4
PRO;ANIM;INS;MASC	4
PSSS;DET;FEM;SG;1;ACC	4
ESS;PL;PRO	4
POS;PRS;V.PTCP;IPFV;ACT;ESS;MASC;ADJ;INAN;SG	4
INS;ADJ;MASC;SG	4
DET;SG;ANIM;POS;DAT;MASC	4
PRO;SG;1;INS	4
PSS;ANIM;PL;INS;ADJ;MASC	4
PSSP;2;INS;{MASC/NEUT};DET;SG	4
PSSS;PL;INS;DET;1	4
2;PRO;VOC;SG	4
2;PRO;SG;VOC	4
IPFV;ACT;NEG;ACC;ADJ;PL;MASC;V.PTCP;INAN;PRS	4
ADJ;INAN;PL;MASC;GEN	4
FEM;NEG;N;SG;INS	4
IMP;FIN;V;2;POS;PL;IPFV	4
IPFV;ACT;NEG;PL;ADJ;GEN;V.PTCP;FEM;PRS	4
PSS;ADJ;SG;NEUT;INS	4
ADJ;SG;NEUT;INS	4
PSSP;DET;2;PL;ACC	4
ADJ;SG;ANIM;POS;CMPR;MASC;GEN	4
V;3;IPFV;ACT;NEG;PL;FIN;IND;PRS	4
ADJ;RL;POS;PL;NEUT;GEN	4
IPFV;ACT;NEG;ACC;ADJ;V.PTCP;FEM;PRS;SG	4
POS;DAT;ADJ;CMPR;NEUT;SG	4
DAT;MASC;ADJ;INAN;SG	4
IPFV;ACT;NEG;ADJ;GEN;V.PTCP;FEM;PRS;SG	4
IPFV;ACT;ANIM;NEG;PL;ADJ;MASC;GEN;V.PTCP;PRS	4
PSSP;DET;PL;1;INS	4
FEM;PROPN;POS;PL;ACC	4
PL;FEM;ACC;NUM	4
DET;SG;ANIM;POS;ACC;MASC	4
DET;INAN;SG;POS;MASC;GEN	4
POS;SG;N	3
V;2;PL;IMP;FIN;POS	3
ADJ;ANIM;POS;PL;DAT;CMPR;MASC	3
PSSP;DET;FEM;DAT;1;SG	3
PL;NOM;2;PRO	3
POS;MASC;INAN;N;SG	3
PL;FEM;ACC;PRO	3
POS;PL;PROPN;FEM;ACC	3
PRO;ANIM;MASC;GEN	3
POS;PRS;PL;V.PTCP;IPFV;ACT;ESS;ADJ;NEUT	3
ADJ;SG;ANIM;INS;MASC	3
PRS;PL;PFV;V;2;FIN;IND;NEG;ACT	3
CMPR;NEG;ADJ;NOM;MASC;INAN;SG	3
POS;PRS;PL;V.PTCP;IPFV;ACC;ACT;ADJ;NEUT	3
PSS;ADJ;INAN;PL;ACC;MASC	3
ACC;MASC;DET;SG	3
FEM;ADJ;SG;VOC;POS	3
IPFV;ACT;NEG;INS;ADJ;MASC;V.PTCP;INAN;PRS;SG	3
POS;NEUT;PROPN;SG;VOC	3
PRO;INAN;DAT	3
ACT;NEG;2;FIN;IND;V;PRS;SG	3
ESS;ADJ;ANIM;POS;PL;MASC	3
NEUT;DET;DAT;SG;POS	3
PRO;ESS;1;SG	3
PSS;PL;FEM;ACC;ADJ	3
POS;PL;ACC;CMPR;ADJ;NEUT	3
NOM;FEM;PRO;SG;3	3
POS;PL;MASC;VOC;ADJ;ANIM	3
POS;PL;MASC;VOC;N;ANIM	3
NOM;PL;ADJ	3
SG;N;NEUT;POS	3
ANIM;NEG;PL;ADJ;PASS;MASC;V.PTCP	3
PRO;1;GEN;SG	3
PL;ACC;MASC;ADJ;ANIM	3
NUM;DAT;SG	3
POS;INS;MASC;ADJ;CMPR;ANIM;SG	3
ADJ;SG;ANIM;ACC;MASC	3
PSS;INS;MASC;ADJ;ANIM;SG	3
{FEM/MASC};PST;V.PTCP;V;INAN;POS;PL;ACT;IPFV	3
ADJ;SG;NEG;MASC	3
PRS;ADJ;ACT;V.PTCP;POS;PL;NEUT;INS;IPFV	3
POS;PL;{FEM/MASC};ADJ;INAN	3
ADJ;NOM;POS;PL;CMPR;NEUT	3
POS;PRS;V;2;FIN;IND;ACT;SG	3
PSSS;DET;1;INS;SG;{MASC/NEUT}	3
PSSP;DET;PL;2;GEN	3
DET;POS;FEM;GEN;SG	3
V;COND;2;FIN;SG	3
PSSS;DET;PL;INS;3	3
PRO;SG;1	3
ADJ;V.PTCP;INAN;SG;POS;DAT;PRS;ACT;MASC;IPFV	3
PSSS;PL;NOM;{FEM/NEUT};DET;1	3
POS;PL;ESS;ADJ;NEUT;RL	3
PSSS;DET;FEM;SG;1;GEN	3
NEG;ESS;NEUT;N;SG	3
ANIM;ESS;MASC;PRO	3
FEM;ADJ;IPFV;V.PTCP;NEG;PL;PRS;ACT;GEN	3
ESS;ADJ;INAN;SG;NEG;MASC	3
PSSP;2;DET;FEM;SG;DAT	3
DET;POS;NOM;NEUT;SG	3
POS;PRS;V.PTCP;IPFV;ACT;MASC;ADJ;GEN;ANIM;SG	3
POS;PROPN;PL;FEM;INS	3
POS;PRS;PL;V.PTCP;IPFV;FEM;ACT;DAT;ADJ	3
FEM;ESS;NEG;N;SG	3
ADJ;SG;NEG;DAT;NEUT	3
DET;POS;ESS;NEUT;SG	3
ADJ;INAN;RL;POS;PL;INS;MASC	3
PSSP;DET;{FEM/NEUT};NOM;1;PL	3
PL;MASC;ADJ;GEN;INAN	3
PSS;PL;ADJ;FEM;DAT	3
PSSP;DET;2;FEM;ACC;SG	3
POS;ESS;MASC;ADJ;INAN;SG;RL	3
ANIM;NEG;NOM;MASC;N;SG	3
FEM;DU;ADJ;POS;INS	3
INAN;N;SG;POS;MASC	3
PL;GEN;DET	3
PSS;ADJ;INAN;PL;INS;MASC	3
SG;NOM;ADJ	3
ADJ;ACT;V.PTCP;INAN;POS;PL;PRS;INS;MASC;IPFV	3
POS;PL;FEM;ESS;ADJ;CMPR	3
IPFV;ACT;ANIM;PL;ADJ;ESS;MASC;V.PTCP;PRS;POS	3
ADJ;SG;ANIM;MASC;GEN	3
NEG;PL;ADJ;ESS;NEUT	3
IMP;V;2;NEG;FIN;PL;IPFV	3
ESS;ADJ;INAN;RL;POS;PL;MASC	3
ADJ;V.PTCP;NEG;ANIM;PL;ACC;PRS;ACT;MASC;IPFV	3
ADJ;INAN;SG;NEG;DAT;MASC	3
PRS;ADJ;V.PTCP;NOM;POS;PL;NEUT;ACT;IPFV	3
PRS;PL;V;2;FIN;IND;NEG;ACT	3
ADJ	3
POS;MASC;ADJ;GEN;ANIM;SG;RL	3
IMP;V;NEG;2;FIN;PL	3
PSSP;DET;PL;NOM;1;MASC;INAN	3
PSSP;DET;ACC;1;NEUT;SG	3
DET;POS;INS;MASC;INAN;SG	3
PSS;PL;INS;ADJ;NEUT	3
PSS;ESS;ADJ;SG;ANIM;MASC	3
POS;PL;ADJ;GEN;NEUT;RL	3
PL;FEM;ACC;ADJ	3
PL;MASC;INAN;DAT;PROPN;POS	3
PSS;PL;ADJ;MASC;INAN;DAT	3
PL;ACC;ADJ;MASC	3
POS;PL;DAT;MASC;ADJ;CMPR;ANIM	3
PRO;NOM;ANIM;PL;MASC	3
ADJ;NEG;PL;ACC;NEUT	3
DET;PL;ACC;REFL	3
PSSP;DET;2;INAN;SG;ACC;MASC	3
ADJ;V.PTCP;NEG;ANIM;PL;DAT;PRS;ACT;MASC;IPFV	3
PSSS;PL;DET;DAT;1	3
PSSP;DET;DAT;1;SG;{MASC/NEUT}	3
POS;PL;DAT;MASC;ADJ;ANIM;RL	3
PL;NOM;MASC;ADJ;ANIM	3
ANIM;ADJ;ESS;MASC;SG	3
DET;PL;ACC;NEUT;REFL	3
PL;ACC;NEG;MASC;ADJ;ANIM	3
PL;INS;ADJ;RL;NEUT;POS	3
FEM;SG;N;VOC;POS	3
NFIN;PFV;V;POS	3
FEM;PRO;SG;DAT	3
FEM;ADJ;V.PTCP;POS;PL;DAT;PRS;ACT;IPFV	3
NOM;PRO;NEUT;SG;3	3
V;FIN;IND;NEG;1;ACT;FUT;SG	3
POS;PL;ESS;MASC;ADJ;CMPR;INAN	3
ADJ;INAN;NEG;PL;INS;MASC	3
ADJ;V.PTCP;NEG;NOM;ANIM;PL;PRS;ACT;MASC;IPFV	3
PRO;2;SG;ACC	3
V;IPFV;ACT;PL;V.CVB;PRS;POS	3
PSS;ADJ;NOM;PL;NEUT	3
ADJ;ANIM;POS;PL;CMPR;MASC;GEN	3
PST;V.PTCP;V;SG;POS;ACT;MASC;IPFV	3
FEM;ADJ;NEG;PL;INS	3
DET;FEM;SG;POS;GEN	3
ESS;ADJ;NEG;PL;NEUT	3
ADJ;PL;ESS;FEM;POS	3
POS;PROPN;PL;ESS;MASC;ANIM	3
POS;PRS;V.PTCP;IPFV;ACT;ESS;ADJ;NEUT;SG	3
PL;ESS;DET;FEM;POS	3
IPFV;ACT;NEG;PL;ADJ;ESS;V.PTCP;FEM;PRS	3
ANIM;MASC;N;SG;POS	3
PSS;FEM;ADJ;PL;INS	3
PL;NOM;NEG;ADJ;NEUT	3
PL;NOM;NEG;MASC;INAN;N	3
SG;N;ANIM;POS;MASC	3
PST;V.PTCP;V;{FEM/NEUT};{PL/SG};POS;ACT;IPFV	2
PSS;PL;ACC;ADJ;FEM	2
PSS;PL;ACC;ADJ;NEUT	2
PSS;PL;ADJ;ESS;NEUT	2
POS;PRS;PL;V.PTCP;NOM;IPFV;ACT;ADJ;NEUT	2
PL;ACC;NEG;ADJ;NEUT	2
PL;PRO;ESS;1	2
MASC;SG;ADJ	2
SG;ADJ;NEUT	2
MASC;POS;INAN;DET;SG;DAT	2
ADJ;ACT;V.PTCP;ANIM;POS;PL;PRS;INS;MASC;IPFV	2
FEM;INS;NUM;DU	2
PSSS;2;NOM;DET;FEM;SG	2
ACT;PL;PFV;V;PST;V.CVB;POS	2
PRO;INAN;GEN	2
PSSS;DET;ACC;1;MASC;INAN;SG	2
ADJ;MASC;POS;INAN;SG;VOC	2
PL;INS;ADJ;NEUT	2
{PL/SG};NEG;ADJ;{FEM/NEUT}	2
PSSP;DET;2;FEM;GEN;SG	2
V;IPFV;ACT;MASC;V.CVB;PRS;SG;POS	2
PL;2;FIN;V;POS;IMP	2
ADJ;SG;NEG;NEUT	2
IPFV;ACT;NEG;2;FIN;IND;V;PRS;SG	2
PL;INS;NEUT;PROPN;POS	2
POS;PRS;PL;V;IPFV;ACT;V.CVB	2
PL;ADJ;DAT	2
PSSP;2;PL;DET;DAT	2
PSSS;DET;NOM;FEM;1;SG	2
POS;PL;ACC;ADJ;NEUT;RL	2
SG;DET	2
ADJ;SG;ANIM;POS;CMPR;INS;MASC	2
SG;ACC;PRO;{MASC/NEUT}	2
IMP;POS;V;2;FIN;SG	2
PRO;SG;ANIM;ACC;MASC	2
PSS;PL;INS;MASC;ADJ;ANIM	2
PL;ACC;PRO;MASC	2
PL;NEG;ADJ;GEN;NEUT	2
PFV;ACT;FIN;V;SG;NEG;1;PRS;IND	2
ACC;NEG;NEUT;N;SG	2
PSS;ADJ;SG;ANIM;INS;MASC	2
POS;PL;ADJ;GEN;NEUT;CMPR	2
PRO;MASC;GEN;ANIM	2
PSSP;DET;PL;NOM;2;MASC;INAN	2
POS;PL;NEUT;N	2
POS;PL;DAT;MASC;ADJ;INAN;RL	2
PSSS;DET;ACC;1;NEUT;SG	2
ADJ;NOM;SG	2
ESS;ADJ;INAN;POS;PL;CMPR;MASC	2
CMPR;NEG;PL;ADJ;NOM;MASC;INAN	2
CMPR;NEG;ADJ;NOM;NEUT;SG	2
POS;FEM;SG;N	2
PSSP;ANIM;PL;2;NOM;MASC;DET	2
PL;ADJ;ESS	2
PL;ADJ;GEN	2
ADJ;NEG;ANIM;PL;DAT;MASC	2
DET;ESS;SG;POS;NEUT	2
NEG;PL;ADJ;RL;GEN;FEM	2
CMPR;NEG;PL;ADJ;NOM;FEM	2
POS;V;NFIN	2
PL;NEG;ESS;ADJ;NEUT	2
POS;FEM;PROPN;SG;VOC	2
SG;N;POS;FEM	2
FEM;ADJ;POS;PL;DAT;CMPR	2
PRO;PL;ACC;MASC	2
ADJ;SG;NEG;ANIM;MASC;GEN	2
PSS;DAT;MASC;ADJ;INAN;SG	2
ACT;2;V;V.PTCP;PST;FEM;SG;POS	2
PSS;ADJ;PL;NEUT;INS	2
PL;N;FEM;VOC;POS	2
ADJ;V.PTCP;SG;ANIM;POS;DAT;PRS;ACT;MASC;IPFV	2
V;NFIN;NEG	2
ADJ;RL;SG;ANIM;POS;DAT;MASC	2
IPFV;ACT;ANIM;ADJ;ESS;MASC;V.PTCP;PRS;SG;POS	2
IMP;V;SG;2;NEG;FIN;IPFV	2
FEM;ADJ;NEG;PL;DAT	2
POS;PRS;V.PTCP;IPFV;ACT;DAT;MASC;ADJ;INAN;SG	2
PL;NEG;INS;MASC;ADJ;ANIM	2
POS;MASC;ADJ;ANIM;SG	2
POS;PROPN;SG;NOM;ANIM;MASC	2
FEM;ADJ;POS;PL;CMPR;INS	2
CMPR;NEG;ACC;ADJ;PL;MASC;INAN	2
PSSP;DET;NOM;2;{FEM/NEUT};SG	2
DET;POS;FEM;DAT;SG	2
POS;PRS;PL;V.PTCP;IPFV;FEM;ACT;INS;ADJ	2
IPFV;ACT;ANIM;NEG;ADJ;NOM;MASC;V.PTCP;PRS;SG	2
PSSS;{FEM/NEUT};DET;1;SG;VOC	2
POS;PL;FEM;ESS;ADJ;RL	2
PSSS;DET;FEM;1;SG;VOC	2
PSSS;PL;ACC;NEUT;DET;1	2
CMPR;NEG;INS;ADJ;FEM;SG	2
FEM;NEG;DAT;ADJ;SG	2
POS;PROPN;MASC;ANIM;SG	2
PSS;ADJ;SG;DAT;NEUT	2
POS;PROPN;PL;FEM;GEN	2
PRO;SG;NOM;NEUT	2
ACT;ANIM;ADJ;NOM;MASC;PFV;V.PTCP;PST;SG;POS	2
ADJ;POS;PL;CMPR;NEUT;ACC	2
PSSS;DET;FEM;1;INS;SG	2
POS;PL;INS;MASC;ADJ;ANIM;RL	2
PFV;ADJ;V.PTCP;{FEM/NEUT};NEG;PASS;{PL/SG}	2
PRO;NOM;PL;NEUT	2
CMPR;PL;INS;ADJ;NEUT;POS	2
PSSS;DET;FEM;1;GEN;SG	2
ADJ;RL;ANIM;POS;PL;INS;MASC	2
IPFV;ACT;NEG;PL;ADJ;MASC;GEN;V.PTCP;INAN;PRS	2
POS;PL;FEM;INS;ADJ;RL	2
POS;MASC;VOC;ADJ;ANIM;SG	2
POS;MASC;ADJ;INAN;SG	2
3;FIN;V;SG;ACT;POS;PRS;IND	2
PSSS;DET;PL;1;DAT	2
IMP;FIN;V;NEG;1;PL;IPFV	2
ACC;PRO;NEUT;SG	2
CMPR;NEG;ADJ;GEN;FEM;SG	2
PSS;PL;INS;ADJ;MASC;INAN	2
FUT;ACT;V;NEG;FIN;IND	2
PSS;MASC;ADJ;GEN;ANIM;SG	2
ACT;ANIM;ACC;ADJ;MASC;PFV;V.PTCP;PST;SG;POS	2
DET;POS;GEN;NEUT;SG	2
PSSP;DET;2;INS;SG;{MASC/NEUT}	2
PRO;2;PL;INS	2
NUM;SG;INS	2
ESS;ADJ;POS;PL;CMPR;NEUT	2
V.CVB;V;SG;NEG;PRS;ACT;MASC;IPFV	2
2;DET	2
IPFV;ACT;NEG;ADJ;ESS;V.PTCP;FEM;PRS;SG	2
PSS;PL;NOM;FEM;ADJ	2
NOM;FEM;DET;SG	2
{MASC/NEUT};PRO;SG;ACC	2
INAN;N;SG;POS;ACC;MASC	2
V;PFV;NEG;NFIN	2
INAN;PRO	2
ADJ;INAN;POS;PL;CMPR;INS;MASC	2
PST;V.PTCP;V;SG;POS;NEUT;ACT;IPFV	2
PL;NOM;ADJ;NEUT	2
PFV;ADJ;V.PTCP;SG;NEG;PASS;NEUT	2
PRO;2;SG;DAT	2
INS;DET;FEM;SG;POS	2
PSS;ACC;MASC;ADJ;ANIM;SG	2
ACT;NEG;2;FIN;IND;PFV;V;PRS;SG	2
FEM;NUM;PL;ACC	2
PSS;FEM;DAT;ADJ;SG	2
NUM;PL	2
PL;MASC;GEN;INAN;DET;POS	2
PRO;INS;SG;{MASC/NEUT}	2
PL;ADJ;NEUT;DAT	2
ADJ;PL;GEN;FEM;POS	2
ADJ;ACT;V.PTCP;SG;ANIM;POS;PRS;INS;MASC;IPFV	2
PRO;INAN;SG;ACC;MASC	2
POS;FEM;VOC;ADJ;SG	2
POS;PROPN;FEM;VOC;SG	2
ADJ;PL;ACC;NEUT	2
POS;NEUT;N	2
PSSP;DET;ACC;1;MASC;ANIM;SG	2
V.CVB;V;{FEM/NEUT};SG;POS;PRS;ACT;IPFV	2
ADJ;POS;PL;CMPR;NEUT;GEN	2
PSSS;2;NOM;MASC;DET;SG	2
FEM;NUM;NOM;PL	2
PSSP;2;INS;PL;DET	2
ACC;PL;MASC;INAN;DET;POS	2
ADJ;INAN;RL;POS;PL;DAT;MASC	2
ADJ;ANIM;POS;PL;CMPR;INS;MASC	2
PSS;ANIM;PL;ADJ;ESS;MASC	2
ADJ;{FEM/NEUT};NEG;{PL/SG}	2
PL;ESS;MASC;ADJ;INAN	2
PRO;PL;ACC;NEUT	2
IPFV;ACT;NEG;PL;ADJ;NOM;V.PTCP;FEM;PRS	2
IMP;PL;V;FIN;IPFV;NEG;1	2
ACT;NEG;PL;FIN;IND;V;FUT;1	2
ADJ;SG;ANIM;POS;MASC	2
PSSP;DET;2;PL;GEN	2
COND;PL;FIN;V;1	2
PSS;PL;FEM;ESS;ADJ	2
ANIM;NOM;MASC;POS;PROPN;SG	1
IPFV;NEG;2;FIN;V;SG;IMP	1
ADJ;NOM;PL;NEUT	1
FEM;ADJ;RL;SG;NEG;ACC	1
PL;2;PRO;ESS	1
PSS;PL;MASC;ADJ;GEN;ANIM	1
POS;PROPN;PL;ACC;MASC;INAN	1
ESS;ADJ;SG;NEG;NEUT	1
ADJ;IPFV;V.PTCP;INAN;NEG;PL;PRS;ACT;MASC;GEN	1
ADJ;ANIM;PL;ACC;MASC	1
INS;PL;ADJ	1
FEM;NEG;N;SG;DAT	1
PSSS;DET;FEM;SG;VOC;1	1
FEM;ADJ;SG;NEG;VOC	1
PL;IMP;FIN;V;POS;1	1
SG;N;NEG;NEUT;INS	1
V;NEG;2;PL;FIN;IMP	1
ESS;PROPN;ANIM;POS;PL;MASC	1
PSS;PL;NOM;ADJ;NEUT	1
PSS;PL;ESS;ADJ;NEUT	1
PSSS;DET;PL;NOM;1;{FEM/NEUT}	1
POS;PL;NOM;ADJ;NEUT;RL	1
ACT;2;FIN;IND;V;FUT;SG;POS	1
NEG;DAT;MASC;ADJ;INAN;SG	1
PRS;ADJ;V.PTCP;POS;PL;DAT;NEUT;ACT;IPFV	1
V.CVB;V;POS;PL;PRS;ACT;IPFV	1
PL;DAT;MASC;ADJ;ANIM	1
ACT;MASC;PFV;V;PST;V.CVB;SG;POS	1
DET;INAN;SG;POS;INS;MASC	1
PL;NOM;NEG;MASC;CMPR;ADJ;INAN	1
PSSP;ANIM;ACC;2;MASC;DET;SG	1
PSSP;DET;2;NOM;ANIM;PL;MASC	1
DET;POS;INS;NEUT;SG	1
IMP;FIN;V;SG;2;POS;IPFV	1
ADJ;POS;PL;DAT;CMPR;NEUT	1
PSSS;DET;FEM;INS;DU;3	1
PSS;INS;MASC;ADJ;INAN;SG	1
PSSS;DET;PL;NOM;1;MASC;INAN	1
PRS;ADJ;ACT;V.PTCP;SG;POS;NEUT;INS;IPFV	1
DET;ESS;SG;ANIM;POS;MASC	1
PSSS;DET;PL;1;INS	1
POS;PRS;V.PTCP;IPFV;ACT;DAT;ADJ;NEUT;SG	1
DET;POS;ESS;MASC;ANIM;SG	1
IPFV;ACT;NEG;PL;INS;ADJ;V.PTCP;FEM;PRS	1
V;3;PL;IMP;FIN;POS	1
IPFV;ACT;NEG;ADJ;NEUT;GEN;V.PTCP;PRS;SG	1
IPFV;ACT;NEG;PL;ACC;ADJ;NEUT;V.PTCP;PRS	1
ANIM;ADJ;NOM;PL;MASC;POS	1
ADJ;INAN;SG;POS;MASC	1
PSSP;DET;2;FEM;DAT;SG	1
PL;NEG;DAT;MASC;ADJ;ANIM	1
PL;FEM;NEG;ADJ;GEN;RL	1
IMP;V;SG;NEG;2;FIN	1
PFV;ADJ;PST;V.PTCP;INAN;POS;PL;ACC;ACT;MASC	1
NEG;PL;N;NEUT;GEN	1
ADJ;NEG;ANIM;PL;MASC	1
DET;SG;ANIM;POS;INS;MASC	1
PRO;DAT;PL	1
ACC;ADJ;PL;FEM;POS	1
ANIM;PL;ADJ;RL;ESS;MASC;POS	1
POS;ACT;FIN;V;SG;1;PRS;IND	1
ADJ;PL;MASC;INAN;POS	1
ACC;PRO;MASC;ANIM;SG	1
PSSP;DET;FEM;2;SG;INS	1
PSSS;MASC;DET;1;SG;VOC	1
DET;POS;PL;GEN;NEUT	1
DET;SG;ACC;MASC	1
V;PL;IMP;FIN;1;POS	1
PL;DET	1
CMPR;NEG;ACC;ADJ;NEUT;SG	1
ANIM;PL;MASC;POS;PROPN;VOC	1
PRS;V.PTCP;IPFV;ACC;NEG;ACT;MASC;ADJ;INAN;SG	1
IPFV;ACT;NEG;INS;ADJ;V.PTCP;FEM;PRS;SG	1
PL;FEM;ACC;NEG;N	1
POS;MASC;N;ANIM;SG	1
ADJ;PL;POS;FEM;DAT	1
CMPR;POS;ADJ	1
PASS;PL;PFV;V.PTCP;NEG;{FEM/MASC};ADJ;INAN	1
N;PFV;NEUT;GEN;SG;POS	1
NEG;PL;ADJ;RL;MASC;GEN;INAN	1
IPFV;ACT;NEG;ADJ;ESS;NEUT;V.PTCP;PRS;SG	1
ESS;ADJ;SG;ANIM;POS;CMPR;MASC	1
PRO;INS;PL	1
ANIM;MASC;PL;ADJ	1
PSSS;DET;PL;ESS;3	1
PL;NOM;DET;FEM;POS	1
PRO;ESS;2;PL	1
ESS;INAN;N;SG;NEG;MASC	1
ADJ;SG;INS;MASC	1
NEG;PL;NOM;N;NEUT	1
PSSP;DET;PL;2;INS	1
FEM;SG;ACC;PRO	1
DET;POS;FEM;INS;SG	1
ACC;NEG;MASC;N;ANIM;SG	1
NEG;ACC;ADJ;PL;RL;MASC;INAN	1
PSSP;2;PL;ESS;DET	1
ACC;N;PFV;NEUT;SG;POS	1
PSSP;2;{FEM/NEUT};DET;SG;VOC	1
IPFV;ACT;ANIM;NEG;ADJ;MASC;V.PTCP;DAT;PRS;SG	1
PRO;2;PL	1
IPFV;ACT;PL;ADJ;NEUT;V.PTCP;DAT;PRS;POS	1
FEM;NEG;DAT;N;SG	1
ANIM;NEG;ADJ;PL;ESS;MASC	1
PRO;ESS;MASC;ANIM	1
PL;NOM;PRO;NEUT	1
PL;2;PRO;GEN	1
PL;FEM;INS;ADJ	1
DU;INS;DET;FEM	1
PSSS;DET;FEM;SG;1;INS	1
ADJ;RL;POS;PL;NEUT;INS	1
V;IPFV;ACT;{FEM/NEUT};V.CVB;PRS;SG;POS	1
V;ACT;NEG;2;FIN;IND;FUT;SG	1
CMPR;ADV;POS	1
NEG;N;SG;DAT;NEUT	1
PSSS;DET;SG;NOM;1;NEUT	1
POS;NEUT;N;SG	1
PASS;PL;V.PTCP;NEG;{FEM/MASC};ADJ;INAN	1
IMP;PFV;V;2;NEG;FIN;PL	1
PROPN;NOM;POS;PL;NEUT	1
PST;V.PTCP;V;NEG;{FEM/NEUT};{PL/SG};ACT;IPFV	1
PSSS;DET;PL;NOM;1;MASC;ANIM	1
NOM;PROPN;SG;POS	1
PSSP;DET;PL;1;DAT	1
PSS;ADJ;PL;NEUT;GEN	1
PL;INS;ADJ	1
PSSP;MASC;DET;1;SG;VOC	1
FEM;ADJ;RL;SG;POS;DAT	1
PSSP;DET;FEM;SG;1;INS	1
POS;PRS;V.PTCP;IPFV;ACT;ESS;MASC;ADJ;ANIM;SG	1
NOM;2;PRO;SG	1
NEG;MASC;CMPR;ADJ;GEN;INAN;SG	1
V;IPFV;ACT;NEG;NEUT;V.PTCP;PST;SG	1
NEG;PL;NOM;N;FEM	1
ADJ;NEUT;POS	1
N;POS;NEUT;SG;VOC	1
PASS;PFV;V.PTCP;NEG;ADJ;NEUT;SG	1
ADJ;V.PTCP;INAN;SG;NEG;ACC;PRS;ACT;MASC;IPFV	1
PL;ADJ;ACC	1
IPFV;ANIM;NEG;PL;ADJ;PASS;MASC;V.PTCP	1
ADJ;V.PTCP;SG;ANIM;POS;ACC;PRS;ACT;MASC;IPFV	1
2;GEN;PRO;SG	1
PROPN;INAN;POS;PL;ACC;MASC	1
POS;PROPN;ANIM;MASC	1
POS;PROPN;SG;ANIM;INS;MASC	1
FEM;ADJ;V.PTCP;SG;PASS;POS;ACC	1
POS;PROPN;SG;ACC;NEUT	1
PL;GEN;DET;FEM;POS	1
FEM;NEG;N;PL;GEN	1
IPFV;ACT;NEG;PL;ADJ;NOM;NEUT;V.PTCP;PRS	1
NEG;INS;ADJ;RL;FEM;SG	1
PSS;ADJ;SG;ANIM;ACC;MASC	1
PSS;FEM;ESS;ADJ;PL	1
PFV;ACT;V;2;NEG;FIN;PL;PRS;IND	1
PL;GEN;NEUT;PROPN;POS	1
POS;PL;PROPN;FEM;DAT	1
ACC;FEM;DET;SG	1
PRS;ADJ;V.PTCP;SG;NEG;ACC;NEUT;ACT;IPFV	1
FEM;NEG;INS;ADJ;SG;RL	1
ADJ;RL;POS;PL;DAT;NEUT	1
PRS;PL;V.PTCP;IPFV;FEM;NEG;ACT;ESS;ADJ	1
IPFV;NEG;PL;ADJ;PASS;{FEM/MASC};V.PTCP;INAN	1
PL;ACC;NEUT;PRO	1
PSSS;DET;PL;ESS;1	1
PRS;V.PTCP;NOM;IPFV;FEM;NEG;ACT;ADJ;SG	1
ACT;PL;V;V.PTCP;PST;POS	1
FUT;ACT;FIN;V;NEG;SG;1;IND	1
PSSS;2;GEN;DET;FEM;SG	1
NEG;ADJ;NOM;PL;MASC;INAN	1
PSSS;DET;{MASC/NEUT};SG;1;INS	1
ADJ;SG;ANIM;DAT;MASC	1
DET;SG	1
PSSS;DET;1;MASC;INAN;SG	1
PL;FEM;DAT;ADJ	1
NEG;NOM;MASC;N;INAN;SG	1
ADJ;V.PTCP;SG;NEG;PASS;NEUT	1
PL;NUM;FEM;DAT	1
PSSS;DET;{MASC/NEUT};SG;1;DAT	1
PSSS;DET;FEM;PL;1;ACC	1
POS;PRS;PL;V.PTCP;IPFV;ACT;DAT;ADJ;NEUT	1
ACT;2;V;NEG;FIN;PL;PRS;IND	1
FEM;PRO;DAT;SG	1
PSS;ADJ;SG;ANIM;MASC;GEN	1
PSSS;DU;3;INS;FEM;DET	1
NEG;PL;ACC;ADJ;RL;FEM	1
PRO;NEUT;SG;3	1
ANIM;NEG;PL;ADJ;NOM;RL;MASC	1
PSSP;DET;PL;NOM;2;MASC;ANIM	1
PASS;V.PTCP;NEG;{PL/SG};ADJ;{FEM/NEUT}	1
PRO;2	1
NEG;INS;MASC;INAN;N;SG	1
PASS;PFV;V.PTCP;NEG;{PL/SG};ADJ;{FEM/NEUT}	1
FEM;PFV;ADJ;V.PTCP;SG;PASS;POS;ACC	1
NEG;ADJ	1
ADJ;POS;PL	1
NFIN;V;POS;IPFV	1
PSSP;DET;FEM;SG;1;DAT	1
IPFV;NEG;V;NFIN	1
POS;PASS;V.PTCP;FEM;ACC;ADJ;SG	1
ACT;V;V.PTCP;PST;SG;POS	1
PSSS;2;ESS;{MASC/NEUT};DET;SG	1
PSSS;2;INS;{MASC/NEUT};DET;SG	1
PSSS;2;GEN;{MASC/NEUT};DET;SG	1
ACT;ACC;ADJ;PFV;V.PTCP;PST;FEM;SG;POS	1
IPFV;ACT;ANIM;NEG;PL;ADJ;MASC;V.PTCP;DAT;PRS	1
NEG;ADJ;RL;MASC;GEN;INAN;SG	1
ADJ;NEG;PL;DAT;NEUT	1
ACT;ADJ;MASC;PFV;GEN;PST;V.PTCP;INAN;SG;POS	1
PL;INS;MASC;ADJ;ANIM	1
PL;INS;ADJ;MASC;INAN	1
DET;SG;POS;NEUT;GEN	1
3;PRO;SG;MASC;GEN	1
DAT;MASC;ADJ;ANIM;SG	1
ANIM;NEG;PL;ACC;MASC;N	1
REFL;ANIM;PL;NOM;MASC;DET	1
PL;ESS;NEUT;DET;POS	1
ADJ;RL;SG;POS;DAT;NEUT	1
ACT;NEG;MASC;PFV;V;PST;V.CVB;SG	1
PSSS;PL;ACC;DET;FEM;1	1
PSS;DAT;MASC;ADJ;ANIM;SG	1
PSSS;DET;FEM;SG;NOM;1	1
ADJ;INAN;RL;NOM;SG;NEG;MASC	1
ACT;ANIM;PL;ADJ;ESS;MASC;PFV;V.PTCP;PST;POS	1
ADP;IPFV	1
PASS;V.PTCP;IPFV;NEG;MASC;ADJ;SG	1
INS;FEM;DET;SG	1
NFIN;PFV;V;NEG	1
PSSS;DET;3;ESS;PL	1
NEG;PL;ADJ;RL;NEUT;GEN	1
ANIM;CMPR;PL;ADJ;NEG;NOM;MASC	1
ANIM;CMPR;PL;ADJ;ESS;MASC;POS	1
ESS;PL;ADJ	1
POS;PROPN;PL;INS;MASC;INAN	1
NEG;ACC;ADJ;RL;FEM;SG	1
CMPR;NEG;PL;INS;ADJ;MASC;INAN	1
POS;PL;DAT;ADJ;NEUT;RL	1
NEG;ACC;ADJ;RL;MASC;INAN;SG	1
PRS;V.PTCP;IPFV;FEM;NEG;ACT;ADJ;GEN;SG	1
NEG;GEN;NEUT;N;SG	1
ACC;2;PRO;SG	1
FEM;ADJ;V.PTCP;SG;NEG;ACC;PRS;ACT;IPFV	1
PL;FEM;ESS;NUM	1
PL;ACC;NEG;ADJ;NEUT;RL	1
DET;SG;NOM;POS;NEUT	1
ESS;ADJ;SG;POS;CMPR;NEUT	1
DET;FEM;INS;DU;REFL	1
ADJ;ANIM;PL;MASC;GEN	1
IPFV;{PL/SG};NEG;ADJ;PASS;V.PTCP;{FEM/NEUT}	1
ESS;FEM;DET;SG	1
CMPR;NEG;ADJ;NOM;FEM;SG	1
POS;DAT;ADJ;NEUT;SG;RL	1
POS;PRS;V.PTCP;IPFV;ACT;DAT;MASC;ADJ;ANIM;SG	1
FEM;PRO;PL;ACC	1
PSS;ESS;ADJ;INAN;PL;MASC	1
FUT;ACT;FIN;V;POS;IND	1
NEG;PL;ADJ;RL;ESS;NEUT	1
PSSP;DET;PL;2;ACC	1
ADV;POS;CMPR	1
ACT;V;SG;NEG;2;FIN;PRS;IND	1
PSS;ADJ	1
POS;FEM;DAT;ADJ;SG;RL	1
PSSP;DET;{MASC/NEUT};2;SG;DAT	1
ACT;ADJ;PFV;NEUT;GEN;PST;V.PTCP;SG;POS	1
3;ANIM;NOM;MASC;PRO;SG	1
PL;ACC;DET;FEM;POS	1
CMPR;ANIM;ACC;ADJ;NEG;MASC;SG	1
PSS;ADJ;INAN;NOM;SG;MASC	1
ESS;ADJ;ANIM;POS;PL;CMPR;MASC	1
N;POS;PL;NEUT	1
PSS;ADJ;ANIM;PL;DAT;MASC	1
ACT;ADJ;ESS;PFV;V.PTCP;PST;FEM;SG;POS	1
ESS;ADJ;V.PTCP;SG;ANIM;POS;PRS;ACT;MASC;IPFV	1
PL;NEUT;GEN;DET;POS	1
PSSP;DET;FEM;2;SG;ACC	1
PSSS;PL;ACC;DET;1	1
PSSS;DET;FEM;ACC;1;SG	1
PRS;ADJ;V.PTCP;SG;NEG;NOM;NEUT;ACT;IPFV	1
PRO;INAN	1
DET;SG;POS;DAT;NEUT	1
NEG;DAT;ADJ;NEUT;SG	1
NOM;FEM;PRO;SG	1
PSSS;DET;PL;DAT;3	1
PRO;SG;NOM;MASC	1
IPFV;ACT;NEG;ADJ;ESS;MASC;V.PTCP;INAN;PRS;SG	1
PL;ADJ;POS	1
ADJ;INAN;POS;MASC	1
N;PL;POS	1
3;FEM;PRO;NOM;PL	1
FEM;NUM;PL;GEN	1
REFL;NOM;FEM;DET;SG	1
REFL;NOM;NEUT;DET;SG	1
PSSP;DET;{MASC/NEUT};2;SG;GEN	1
DAT;ADJ;NEUT;SG	1
NEG;PL;INS;N;FEM	1
PL;NEG;INS;ADJ;NEUT	1
ANIM;PL;ADJ;ESS;MASC	1
POS;PL;INS;ADJ;CMPR;NEUT	1
PROPN;POS;PL;NEUT	1
ANIM;NEG;ADJ;NOM;RL;MASC;SG	1
IPFV;DU;ACT;INS;ADJ;V.PTCP;FEM;PRS;POS	1
ADJ;PL;GEN	1
2;PRO;SG	1
DET;INAN;POS;PL;ACC;MASC	1
PSSS;NEUT;DET;SG;1	1
ACT;NEG;V;V.PTCP;PST;SG	1
PSSP;DET;2;FEM;ESS;SG	1
NEG;INS;MASC;N;INAN;SG	1
SG;PRO;INS;{MASC/NEUT}	1
ESS;SG;N;NEG;NEUT	1
ACT;V;2;NEG;FIN;PL;PRS;IND	1
PRS;PL;V.PTCP;IPFV;ACC;NEG;ACT;ADJ;NEUT	1
ADJ;INAN;RL;SG;POS;DAT;MASC	1
POS;FEM;VOC;N;SG	1
ACT;ANIM;ACC;ADJ;PL;MASC;PFV;V.PTCP;PST;POS	1
FEM;ADJ;V.PTCP;NEG;NOM;PL;PRS;ACT;IPFV	1
POS;PRS;PL;V.PTCP;IPFV;ACT;INS;MASC;ADJ;ANIM	1
PSSS;DET;1;MASC;VOC;SG	1
NEG;ADJ;GEN;NEUT;SG;RL	1
FEM;SG;PRO;DAT	1
FEM;NUM;PL;INS	1
ACC;PRO;SG;{MASC/NEUT}	1
FEM;PFV;ADJ;PST;V.PTCP;POS;PL;ACT;GEN	1
ANIM;ADJ;RL;ESS;MASC;SG;POS	1
PSSS;DET;FEM;DAT;1;SG	1
PSSS;DET;NOM;ANIM;1;PL;MASC	1
ADJ;V.PTCP;INAN;POS;PL;DAT;PRS;ACT;MASC;IPFV	1
PFV;ADJ;V.PTCP;SG;NEG;PASS;MASC	1
PSS;PL;ACC;MASC;ADJ;INAN	1
ADJ;INAN;SG;NOM;NEG;CMPR;MASC	1
POS;PL;MASC;VOC;INAN;N	1
PSSS;DET;PL;1;ACC;MASC	1
IPFV;ACT;ANIM;NEG;ACC;ADJ;MASC;V.PTCP;PRS;SG	1
PSS;FEM;ADJ;PL;DAT	1
PSSP;DET;{MASC/NEUT};2;SG;INS	1
{MASC/NEUT};NUM;SG;DAT	1
PSS;PL;ADJ;GEN;NEUT	1
V;IPFV;ACT;ANIM;PL;MASC;V.PTCP;PST;POS	1
PSSP;DET;FEM;ESS;2;SG	1
NEG;DAT;NEUT;N;SG	1
PSS;ADJ;INAN;SG;DAT;MASC	1
NEG;ADJ;RL;GEN;FEM;SG	1
PSSS;DET;3;SG;ANIM;ACC;MASC	1
POS;PL;ESS;ADJ;CMPR;NEUT	1
PL;NOM;PRO;MASC;ANIM	1
PRO;2;SG;NOM	1
ACT;V;V.PTCP;PST;POS	1
PL;POS;DET;FEM;DAT	1
ACT;NEG;2;FIN;IND;V;FUT;SG	1
ADJ;NOM;PL;MASC;INAN;POS	1
NEG;INS;MASC;ADJ;ANIM;SG	1
V;2;IMP;FIN;SG;POS	1
IMP;PFV;V;2;SG;NEG;FIN	1
FEM;DAT;NUM;SG	1
ADJ;ANIM;PL;INS;MASC	1
ACC;NEG;MASC;ADJ;ANIM;SG	1
ACC;PRO;INAN	1
ADJ;V.PTCP;INAN;NEG;PL;ACC;PRS;ACT;MASC;IPFV	1
PSSS;DET;INAN;NOM;1;PL;MASC	1
PSSP;DET;PL;NOM;2;{FEM/NEUT}	1
PSS;ANIM;PL;ADJ;MASC;DAT	1
PL;NOM;FEM;PRO;3	1
PSSS;ACC;2;DET;FEM;SG	1
FEM;N;VOC;POS;PL	1
PSSS;DET;{MASC/NEUT};ESS;SG;1	1
PSSP;DET;2;INAN;NOM;PL;MASC	1
FEM;ACC;NEG;CMPR;ADJ;SG	1
PRS;V.PTCP;IPFV;FEM;ACC;NEG;ACT;ADJ;SG	1
PL;FEM;NEG;GEN;N	1
IPFV;ACT;ANIM;NEG;ADJ;MASC;GEN;V.PTCP;PRS;SG	1
DET;POS;INS;MASC;ANIM;SG	1
PSSP;DET;SG;ANIM;1;ACC;MASC	1
IPFV;ACT;NEG;V;{FEM/NEUT};V.CVB;PRS;SG	1
PSSP;DET;2;GEN;SG;{MASC/NEUT}	1
PSSP;DET;FEM;SG;1	1
ADJ;RL;ANIM;POS;PL;DAT;MASC	1
PSSP;DET;ESS;2;PL	1
DAT;PL;PRO	1
PL;FEM;GEN;NUM	1
INAN;N;SG;VOC;POS;MASC	1
PRS;V.PTCP;IPFV;NEG;ACT;DAT;MASC;ADJ;ANIM;SG	1
PL;NEG;ESS;MASC;ADJ;INAN	1
3;FIN;V;SG;ACT;POS;PRS;IND;IPFV	1
GEN;FEM;DET;SG	1
POS;PFV;V.PTCP;ACT;PST;MASC;ADJ;GEN;INAN;SG	1
INS;MASC;ADJ;SG	1
